name,flights,hotel,grocery,gas,dining,other,rotating,flat_cash_back,req_credit,annual_fee,card_type,application_link,review_link,annual_bonus,image_url,converted_name
Alliant Cashback Visa® Signature Credit Card,2.5,2.5,2.5,2.5,2.5,2.5,FALSE,TRUE,690,99.0,Visa,,https://www.nerdwallet.com/reviews/credit-cards/alliant-cashback,0.0,//cdn.nerdwallet.com/img/cc/CC_placeholder.svg,Alliant-Cashback-Visa-Signature-Credit-Card
American Express Cash Magnet® Card,1.5,1.5,1.5,1.5,1.5,1.5,FALSE,TRUE,690,0.0,American Express,,https://www.nerdwallet.com/reviews/credit-cards/american-express-cash-magnet,0.0,//cdn.nerdwallet.com/img/cc/CC_placeholder.svg,American-Express-Cash-Magnet-Card
Capital One® Quicksilver® Cash Rewards Credit Card,1.5,1.5,1.5,1.5,1.5,1.5,FALSE,TRUE,690,0.0,Unknown,,https://www.nerdwallet.com/reviews/credit-cards/capital-one-quicksilver,0.0,//cdn.nerdwallet.com/img/cc/CC_placeholder.svg,Capital-One-Quicksilver-Cash-Rewards-Credit-Card
Chase Freedom Unlimited®,1.5,1.5,1.5,1.5,1.5,1.5,FALSE,TRUE,690,0.0,Unknown,https://www.nerdwallet.com/redirect/credit-cards/3214?clickHeader_category=Credit%20Card&clickHeader_productId=3214&name=chase-freedom-unlimited&trk_channel=web&trk_element=button&trk_location=MarketplaceApplyNow&trk_nldt=Decide&trk_pagetype=review&trk_sectionCategory=MarketplaceProductCard__cta&trk_topic=Cash%20Back%20Credit%20Cards&trk_vertical=Credit%20Cards&finish_type=external_application&has_prequalified=false&impression_id=&link_type=APPLY_NOW_BUTTON&monetizable=&page_number=&product_display_driver=&product_position=1&section_name=&section_position=&header_pageViewId=310e74aa-ccbe-409e-9b4b-8e951342b5ca,https://www.nerdwallet.com/reviews/credit-cards/chase-freedom-unlimited,0.0,//www.nerdwallet.com/c1/images/3214_3ad108f06f944568e5f699eb1638d761_138x225_L.jpg,Chase-Freedom-Unlimited
Citi® Double Cash Card – 18 month BT offer,2.0,2.0,2.0,2.0,2.0,2.0,FALSE,TRUE,720,0.0,Unknown,https://www.nerdwallet.com/redirect/credit-cards/4220?clickHeader_category=Credit%20Card&clickHeader_productId=4220&name=Citibank-Double-Cash-Card&trk_channel=web&trk_element=button&trk_location=MarketplaceApplyNow&trk_nldt=Decide&trk_pagetype=review&trk_sectionCategory=MarketplaceProductCard__cta&trk_topic=Cash%20Back%20Credit%20Cards&trk_vertical=Credit%20Cards&finish_type=external_application&has_prequalified=false&impression_id=&link_type=APPLY_NOW_BUTTON&monetizable=&page_number=&product_display_driver=&product_position=1&section_name=&section_position=&header_pageViewId=c0634115-2357-411a-891b-46b15b58fe44,https://www.nerdwallet.com/reviews/credit-cards/citi-double-cash,0.0,//www.nerdwallet.com/c1/images/4220_3fb539944934bc9a229b36e93b9604ca_140x225_L.jpg,Citi-Double-Cash-Card-–-18-month-BT-offer
HSBC Cash Rewards Mastercard® credit card,1.5,1.5,1.5,1.5,1.5,1.5,FALSE,TRUE,690,0.0,MasterCard,,https://www.nerdwallet.com/reviews/credit-cards/hsbc-cash-rewards,0.0,//cdn.nerdwallet.com/img/cc/CC_placeholder.svg,HSBC-Cash-Rewards-Mastercard-credit-card
PayPal Cashback Mastercard®,2.0,2.0,2.0,2.0,2.0,2.0,FALSE,TRUE,690,0.0,MasterCard,,https://www.nerdwallet.com/reviews/credit-cards/paypal-cashback,0.0,//www.nerdwallet.com/c1/images/65558_dd60e34d53d565581e23a7f2a6ee1072_141x225_L.jpg,PayPal-Cashback-Mastercard
U.S. Bank Cash 365™ American Express® Card,1.5,1.5,1.5,1.5,1.5,1.5,FALSE,TRUE,720,0.0,American Express,,https://www.nerdwallet.com/reviews/credit-cards/us-bank-cash-365-american-express,0.0,//cdn.nerdwallet.com/img/cc/CC_placeholder.svg,U.S.-Bank-Cash-365-American-Express-Card
Wells Fargo Cash Wise Visa® card,1.5,1.5,1.5,1.5,1.5,1.5,FALSE,FALSE,690,0.0,Visa,,https://www.nerdwallet.com/reviews/credit-cards/wells-fargo-cash-wise,0.0,//cdn.nerdwallet.com/img/cc/CC_placeholder.svg,Wells-Fargo-Cash-Wise-Visa-card
Blue Cash Everyday® Card from American Express,1.0,1.0,3.0,2.0,1.0,1.0,FALSE,FALSE,690,0.0,American Express,https://www.nerdwallet.com/redirect/credit-cards/1006?clickHeader_category=Credit%20Card&clickHeader_productId=1006&name=American-Express-Blue-Cash&trk_channel=web&trk_element=button&trk_location=MarketplaceApplyNow&trk_nldt=Decide&trk_pagetype=review&trk_sectionCategory=MarketplaceProductCard__cta&trk_topic=Cash%20Back%20Credit%20Cards&trk_vertical=Credit%20Cards&finish_type=external_application&has_prequalified=false&impression_id=&link_type=APPLY_NOW_BUTTON&monetizable=&page_number=&product_display_driver=&product_position=1&section_name=&section_position=&header_pageViewId=81c501e0-d0ef-46fa-a612-d5d9163d68ce,https://www.nerdwallet.com/reviews/credit-cards/american-express-blue-cash-everyday,0.0,//www.nerdwallet.com/c1/images/1006_48e26af921829b36e1a60efb9261ad93_141x225_L.jpg,Blue-Cash-Everyday-Card-from-American-Express
Blue Cash Preferred® Card from American Express,1.0,1.0,6.0,3.0,1.0,1.0,FALSE,FALSE,690,95.0,American Express,https://www.nerdwallet.com/redirect/credit-cards/1114?clickHeader_category=Credit%20Card&clickHeader_productId=1114&name=American-Express-Blue-Cash-Preferred&trk_channel=web&trk_element=button&trk_location=MarketplaceApplyNow&trk_nldt=Decide&trk_pagetype=review&trk_sectionCategory=MarketplaceProductCard__cta&trk_topic=Cash%20Back%20Credit%20Cards&trk_vertical=Credit%20Cards&finish_type=external_application&has_prequalified=false&impression_id=&link_type=APPLY_NOW_BUTTON&monetizable=&page_number=&product_display_driver=&product_position=1&section_name=&section_position=&header_pageViewId=d54b898e-bf72-47db-9614-98d81a98eb4b,https://www.nerdwallet.com/reviews/credit-cards/american-express-blue-cash-preferred,0.0,//www.nerdwallet.com/c1/images/1114_bafe91a306692b3829b91307749f868e_142x225_L.jpg,Blue-Cash-Preferred-Card-from-American-Express
Bank of America® Cash Rewards credit card,3.0,3.0,3.0,3.0,3.0,3.0,TRUE,FALSE,690,0.0,Unknown,,https://www.nerdwallet.com/reviews/credit-cards/bankofamerica-cash-rewards,0.0,//cdn.nerdwallet.com/img/cc/CC_placeholder.svg,Bank-of-America-Cash-Rewards-credit-card
Capital One® Savor® Cash Rewards Credit Card,1.0,1.0,2.0,1.0,4.0,1.0,FALSE,FALSE,690,95.0,Unknown,,https://www.nerdwallet.com/reviews/credit-cards/capital-one-savor,0.0,//cdn.nerdwallet.com/img/cc/CC_placeholder.svg,Capital-One-Savor-Cash-Rewards-Credit-Card
Capital One® SavorOne® Cash Rewards Credit Card,1.0,1.0,2.0,1.0,3.0,1.0,FALSE,FALSE,690,0.0,Unknown,,https://www.nerdwallet.com/reviews/credit-cards/capital-one-savor-one,0.0,//cdn.nerdwallet.com/img/cc/CC_placeholder.svg,Capital-One-SavorOne-Cash-Rewards-Credit-Card
Chase Freedom®,1.0,1.0,5.0,1.0,1.0,5.0,TRUE,FALSE,690,0.0,Unknown,,https://www.nerdwallet.com/reviews/credit-cards/chase-freedom,0.0,//cdn.nerdwallet.com/img/cc/CC_placeholder.svg,Chase-Freedom
Discover it® Cash Back,1.0,1.0,5.0,5.0,5.0,5.0,TRUE,FALSE,690,0.0,Discover,https://www.nerdwallet.com/redirect/credit-cards/6043?clickHeader_category=Credit%20Card&clickHeader_productId=6043&name=Discover-It&trk_channel=web&trk_element=button&trk_location=MarketplaceApplyNow&trk_nldt=Decide&trk_pagetype=review&trk_sectionCategory=MarketplaceProductCard__cta&trk_topic=Cash%20Back%20Credit%20Cards&trk_vertical=Credit%20Cards&finish_type=external_application&has_prequalified=false&impression_id=&link_type=APPLY_NOW_BUTTON&monetizable=&page_number=&product_display_driver=&product_position=1&section_name=&section_position=&header_pageViewId=ce3d01d0-c765-4687-bddd-78af6e27f7c1,https://www.nerdwallet.com/reviews/credit-cards/discover-it-cash-back,0.0,//www.nerdwallet.com/c1/images/6043_0a5555969785325d580297c609d77381_140x225_L.jpg,Discover-it-Cash-Back
Discover it® chrome,1.0,1.0,1.0,2.0,2.0,1.0,FALSE,FALSE,690,0.0,Discover,https://www.nerdwallet.com/redirect/credit-cards/6048?clickHeader_category=Credit%20Card&clickHeader_productId=6048&name=Discover-it-chrome-14-Month-Balance-Transfer-Purchases&trk_channel=web&trk_element=button&trk_location=MarketplaceApplyNow&trk_nldt=Decide&trk_pagetype=review&trk_sectionCategory=MarketplaceProductCard__cta&trk_topic=Cash%20Back%20Credit%20Cards&trk_vertical=Credit%20Cards&finish_type=external_application&has_prequalified=false&impression_id=&link_type=APPLY_NOW_BUTTON&monetizable=&page_number=&product_display_driver=&product_position=1&section_name=&section_position=&header_pageViewId=f8b065aa-b900-4605-99ec-6a4b24848665,https://www.nerdwallet.com/reviews/credit-cards/discover-it-chrome,0.0,//www.nerdwallet.com/c1/images/6048_448fee0997d0d9ff5aa1bd460f5e10a7_140x225_L.jpg,Discover-it-chrome
U.S. Bank Cash+™ Visa Signature® Card,1.0,1.0,1.0,1.0,1.0,1.0,FALSE,FALSE,690,0.0,Visa,,https://www.nerdwallet.com/reviews/credit-cards/us-bank-cash-plus,0.0,//cdn.nerdwallet.com/img/cc/CC_placeholder.svg,U.S.-Bank-Cash+-Visa-Signature-Card
American Express® Green Card,3.0,3.0,1.0,3.0,3.0,1.0,FALSE,TRUE,690,150.0,American Express,,https://www.nerdwallet.com/reviews/credit-cards/american-express-green,200.0,//cdn.nerdwallet.com/img/cc/CC_placeholder.svg,American-Express-Green-Card
American Express® Gold Card,3.0,3.0,1.0,1.0,4.0,1.0,FALSE,FALSE,690,250.0,American Express,https://www.nerdwallet.com/redirect/credit-cards/1017?clickHeader_category=Credit%20Card&clickHeader_productId=1017&name=American-Express-Premier-Rewards-Gold&trk_channel=web&trk_element=button&trk_location=MarketplaceApplyNow&trk_nldt=Decide&trk_pagetype=review&trk_sectionCategory=MarketplaceProductCard__cta&trk_topic=Rewards%20Credit%20Cards&trk_vertical=Credit%20Cards&finish_type=external_application&has_prequalified=false&impression_id=&link_type=APPLY_NOW_BUTTON&monetizable=&page_number=&product_display_driver=&product_position=1&section_name=&section_position=&header_pageViewId=98737cd2-d3ab-4778-b412-999e0a0bfb02,https://www.nerdwallet.com/reviews/credit-cards/american-express-premier-rewards-gold,340.0,//www.nerdwallet.com/c1/images/1017_5a3544004cf7bd227fc722138194e22e_142x225_L.jpg,American-Express-Gold-Card
The Platinum Card® from American Express,5.0,5.0,1.0,1.0,1.0,1.0,FALSE,FALSE,690,550.0,American Express,,https://www.nerdwallet.com/reviews/credit-cards/american-express-platinum,500.0,//cdn.nerdwallet.com/img/cc/CC_placeholder.svg,The-Platinum-Card-from-American-Express
Bank of America® Premium Rewards® credit card,2.0,2.0,1.5,1.5,2.0,1.5,FALSE,TRUE,690,95.0,Unknown,,https://www.nerdwallet.com/reviews/credit-cards/bank-of-america-premium-rewards,200.0,//cdn.nerdwallet.com/img/cc/CC_placeholder.svg,Bank-of-America-Premium-Rewards-credit-card
Bank of America® Travel Rewards credit card,1.5,1.5,1.5,1.5,1.5,1.5,FALSE,TRUE,690,0.0,Unknown,,https://www.nerdwallet.com/reviews/credit-cards/bank-of-america-travel-rewards,250.0,//cdn.nerdwallet.com/img/cc/CC_placeholder.svg,Bank-of-America-Travel-Rewards-credit-card
Capital One® Venture® Rewards Credit Card,2.0,2.0,2.0,2.0,2.0,2.0,FALSE,TRUE,690,95.0,Unknown,,https://www.nerdwallet.com/reviews/credit-cards/capital-one-venture,100.0,//cdn.nerdwallet.com/img/cc/CC_placeholder.svg,Capital-One-Venture-Rewards-Credit-Card
Capital One® VentureOne® Rewards Credit Card,1.25,1.25,1.25,1.25,1.25,1.25,FALSE,TRUE,690,0.0,Unknown,,https://www.nerdwallet.com/reviews/credit-cards/capital-one-ventureone,0.0,//cdn.nerdwallet.com/img/cc/CC_placeholder.svg,Capital-One-VentureOne-Rewards-Credit-Card
Chase Sapphire Preferred® Card,2.0,2.0,1.0,1.0,2.0,1.0,FALSE,FALSE,690,95.0,Unknown,https://www.nerdwallet.com/redirect/credit-cards/3098?clickHeader_category=Credit%20Card&clickHeader_productId=3098&name=Chase-Sapphire-Preferred&trk_channel=web&trk_element=button&trk_location=MarketplaceApplyNow&trk_nldt=Decide&trk_pagetype=review&trk_sectionCategory=MarketplaceProductCard__cta&trk_topic=undefined&trk_vertical=Credit%20Cards&finish_type=external_application&has_prequalified=false&impression_id=&link_type=APPLY_NOW_BUTTON&monetizable=&page_number=&product_display_driver=&product_position=1&section_name=&section_position=&header_pageViewId=f13a45e1-60db-4a9d-8c29-22bf96dd6fe3,https://www.nerdwallet.com/reviews/credit-cards/chase-sapphire-preferred,0.0,//www.nerdwallet.com/c1/images/3098_4c8edc848404dadcfd78f7a17df648bd_138x225_L.jpg,Chase-Sapphire-Preferred-Card
Chase Sapphire Reserve®,3.0,3.0,1.0,1.0,3.0,1.0,FALSE,FALSE,720,550.0,Unknown,https://www.nerdwallet.com/redirect/credit-cards/3094?clickHeader_category=Credit%20Card&clickHeader_productId=3094&name=Chase-Sapphire-Reserve&trk_channel=web&trk_element=button&trk_location=MarketplaceApplyNow&trk_nldt=Decide&trk_pagetype=review&trk_sectionCategory=MarketplaceProductCard__cta&trk_topic=Rewards%20Credit%20Cards&trk_vertical=Credit%20Cards&finish_type=external_application&has_prequalified=false&impression_id=&link_type=APPLY_NOW_BUTTON&monetizable=&page_number=&product_display_driver=&product_position=1&section_name=&section_position=&header_pageViewId=e857bcd1-7aa6-4373-8651-90e0d1db62ec,https://www.nerdwallet.com/reviews/credit-cards/chase-sapphire-reserve,400.0,//www.nerdwallet.com/c1/images/3094_0adfdfe151611b6b4edcdd1bf1671abc_138x225_L.jpg,Chase-Sapphire-Reserve
Citi Premier℠ Card,3.0,3.0,1.0,3.0,2.0,1.0,FALSE,FALSE,720,95.0,Unknown,,https://www.nerdwallet.com/reviews/credit-cards/citi-thankyou-premier,0.0,//cdn.nerdwallet.com/img/cc/CC_placeholder.svg,Citi-Premier-Card
Citi Rewards+℠ Card,1.0,1.0,2.0,2.0,1.0,1.0,FALSE,FALSE,720,0.0,Unknown,https://www.nerdwallet.com/redirect/credit-cards/65559?clickHeader_category=Credit%20Card&clickHeader_productId=65559&name=Citibank-Rewards&trk_channel=web&trk_element=button&trk_location=MarketplaceApplyNow&trk_nldt=Learn-Decide&trk_pagetype=review&trk_sectionCategory=MarketplaceProductCard__cta&trk_topic=Rewards%20Credit%20Cards&trk_vertical=Credit%20Cards&finish_type=external_application&has_prequalified=false&impression_id=&link_type=APPLY_NOW_BUTTON&monetizable=&page_number=&product_display_driver=&product_position=1&section_name=&section_position=&header_pageViewId=a53ec6b4-9d5a-44f5-8a95-6b59690c9faf,https://www.nerdwallet.com/reviews/credit-cards/citi-rewards-plus,0.0,//www.nerdwallet.com/c1/images/65559_323892ae045f477a16ef2de7d4262043_141x225_L.jpg,Citi-Rewards+-Card
Discover it® Miles,1.5,1.5,1.5,1.5,1.5,1.5,FALSE,TRUE,690,0.0,Discover,https://www.nerdwallet.com/redirect/credit-cards/6052?clickHeader_category=Credit%20Card&clickHeader_productId=6052&name=Discover-it-Miles&trk_channel=web&trk_element=button&trk_location=MarketplaceApplyNow&trk_nldt=Decide&trk_pagetype=review&trk_sectionCategory=MarketplaceProductCard__cta&trk_topic=Travel%20Credit%20Cards&trk_vertical=Credit%20Cards&finish_type=external_application&has_prequalified=false&impression_id=&link_type=APPLY_NOW_BUTTON&monetizable=&page_number=&product_display_driver=&product_position=1&section_name=&section_position=&header_pageViewId=77db4a77-1bab-475f-93ba-c44302b7379f,https://www.nerdwallet.com/reviews/credit-cards/discover-it-miles,0.0,//www.nerdwallet.com/c1/images/6052_0d535cb6c9ad0b95588ee34707af3507_142x225_L.jpg,Discover-it-Miles
Orbitz Rewards® Visa® Card,0.0,0.0,0.0,0.0,0.0,0.0,FALSE,FALSE,690,0.0,Visa,,https://www.nerdwallet.com/reviews/credit-cards/orbitz-rewards,100.0,//www.nerdwallet.com/c1/images/14000_aef62eec7be779e95744759f2f503721_144x225_L.jpg,Orbitz-Rewards-Visa-Card
Wells Fargo Propel American Express® card,3.0,3.0,1.0,3.0,1.0,1.0,FALSE,FALSE,690,0.0,American Express,,https://www.nerdwallet.com/reviews/credit-cards/wells-fargo-propel,0.0,//cdn.nerdwallet.com/img/cc/CC_placeholder.svg,Wells-Fargo-Propel-American-Express-card
Amex EveryDay® Credit Card,0.0,0.0,2.0,0.0,0.0,0.0,FALSE,FALSE,690,0.0,Unknown,,https://www.nerdwallet.com/reviews/credit-cards/amex-everyday,0.0,//cdn.nerdwallet.com/img/cc/CC_placeholder.svg,Amex-EveryDay-Credit-Card
BankAmericard® credit card,0.0,0.0,0.0,0.0,0.0,0.0,FALSE,FALSE,690,0.0,Unknown,,https://www.nerdwallet.com/reviews/credit-cards/bankamericard,0.0,//cdn.nerdwallet.com/img/cc/CC_placeholder.svg,BankAmericard-credit-card
Citi Simplicity® Card - No Late Fees Ever,0.0,0.0,0.0,0.0,0.0,0.0,FALSE,FALSE,690,0.0,Unknown,,https://www.nerdwallet.com/reviews/credit-cards/citi-simplicity,0.0,//cdn.nerdwallet.com/img/cc/CC_placeholder.svg,Citi-Simplicity-Card---No-Late-Fees-Ever
HSBC Gold Mastercard® credit card,0.0,0.0,0.0,0.0,0.0,0.0,FALSE,FALSE,690,0.0,MasterCard,,https://www.nerdwallet.com/reviews/credit-cards/hsbc-gold,0.0,//cdn.nerdwallet.com/img/cc/CC_placeholder.svg,HSBC-Gold-Mastercard-credit-card
U.S. Bank Visa® Platinum Card,0.0,0.0,0.0,0.0,0.0,0.0,FALSE,FALSE,690,0.0,Visa,,https://www.nerdwallet.com/reviews/credit-cards/us-bank-platinum,600.0,//cdn.nerdwallet.com/img/cc/CC_placeholder.svg,U.S.-Bank-Visa-Platinum-Card
Wells Fargo Platinum card,0.0,0.0,0.0,0.0,0.0,0.0,FALSE,FALSE,690,0.0,Unknown,,https://www.nerdwallet.com/reviews/credit-cards/wells-fargo-platinum,0.0,//cdn.nerdwallet.com/img/cc/CC_placeholder.svg,Wells-Fargo-Platinum-card
Alaska Airlines Visa Signature® credit card,3.0,1.0,1.0,1.0,1.0,1.0,FALSE,FALSE,690,75.0,Visa,,https://www.nerdwallet.com/reviews/credit-cards/alaska-airlines-credit-card,100.0,//cdn.nerdwallet.com/img/cc/CC_placeholder.svg,Alaska-Airlines-Visa-Signature-credit-card
American Airlines AAdvantage MileUp℠ Card,2.0,1.0,2.0,1.0,1.0,1.0,FALSE,FALSE,720,0.0,Unknown,https://www.nerdwallet.com/redirect/credit-cards/65540?clickHeader_category=Credit%20Card&clickHeader_productId=65540&name=Citibank-American-Airlines-AAdvantage-MileUp&trk_channel=web&trk_element=button&trk_location=MarketplaceApplyNow&trk_nldt=Decide&trk_pagetype=review&trk_sectionCategory=MarketplaceProductCard__cta&trk_topic=Airline%20Credit%20Cards&trk_vertical=Credit%20Cards&finish_type=external_application&has_prequalified=false&impression_id=&link_type=APPLY_NOW_BUTTON&monetizable=&page_number=&product_display_driver=&product_position=1&section_name=&section_position=&header_pageViewId=209901ce-e751-453a-a282-c31952aa8c5e,https://www.nerdwallet.com/reviews/credit-cards/citi-aadvantage-mileup,0.0,//www.nerdwallet.com/c1/images/65540_1906a437cf191a6fbecf94e77643a162_141x225_L.jpg,American-Airlines-AAdvantage-MileUp-Card
Citi® / AAdvantage® Platinum Select® World Elite™ Mastercard®,2.0,1.0,1.0,2.0,2.0,1.0,FALSE,FALSE,720,99.0,MasterCard,https://www.nerdwallet.com/redirect/credit-cards/4001?clickHeader_category=Credit%20Card&clickHeader_productId=4001&name=Citibank-Platinum-Select&trk_channel=web&trk_element=button&trk_location=MarketplaceApplyNow&trk_nldt=Decide&trk_pagetype=review&trk_sectionCategory=MarketplaceProductCard__cta&trk_topic=Airline%20Credit%20Cards&trk_vertical=Credit%20Cards&finish_type=external_application&has_prequalified=false&impression_id=&link_type=APPLY_NOW_BUTTON&monetizable=&page_number=&product_display_driver=&product_position=1&section_name=&section_position=&header_pageViewId=fefeff13-9113-4b53-bcd7-c805a52406cf,https://www.nerdwallet.com/reviews/credit-cards/citi-aadvantage-platinum,0.0,//www.nerdwallet.com/c1/images/4001_48a6ea7c1637a98ded0e0d99452807db_141x225_L.jpg,Citi--AAdvantage-Platinum-Select-World-Elite-Mastercard
Citi® / AAdvantage® Executive World Elite™ Mastercard®,2.0,1.0,1.0,1.0,1.0,1.0,FALSE,FALSE,720,450.0,MasterCard,https://www.nerdwallet.com/redirect/credit-cards/4225?clickHeader_category=Credit%20Card&clickHeader_productId=4225&name=Citi-AAdvantage-Executive-World-Elite-MasterCard&trk_channel=web&trk_element=button&trk_location=MarketplaceApplyNow&trk_nldt=Decide&trk_pagetype=review&trk_sectionCategory=MarketplaceProductCard__cta&trk_topic=Airline%20Credit%20Cards&trk_vertical=Credit%20Cards&finish_type=external_application&has_prequalified=false&impression_id=&link_type=APPLY_NOW_BUTTON&monetizable=&page_number=&product_display_driver=&product_position=1&section_name=&section_position=&header_pageViewId=c25bd92a-2b9b-4690-a286-e0b7fa8ab7a4,https://www.nerdwallet.com/reviews/credit-cards/citi-aadvantage-executive,0.0,//www.nerdwallet.com/c1/images/4225_260ced30dc8cb5f480ae3db133ce3fa5_147x225_L.jpg,Citi--AAdvantage-Executive-World-Elite-Mastercard
British Airways Visa Signature® Card,3.0,2.0,1.0,1.0,1.0,1.0,FALSE,FALSE,690,95.0,Visa,https://www.nerdwallet.com/redirect/credit-cards/3095?clickHeader_category=Credit%20Card&clickHeader_productId=3095&name=Chase-British-Airways&trk_channel=web&trk_element=button&trk_location=MarketplaceApplyNow&trk_nldt=Decide&trk_pagetype=review&trk_sectionCategory=MarketplaceProductCard__cta&trk_topic=Airline%20Credit%20Cards&trk_vertical=Credit%20Cards&finish_type=external_application&has_prequalified=false&impression_id=&link_type=APPLY_NOW_BUTTON&monetizable=&page_number=&product_display_driver=&product_position=1&section_name=&section_position=&header_pageViewId=02e6fdb1-5028-4e0f-81f1-1e6e8475c1b9,https://www.nerdwallet.com/reviews/credit-cards/british-airways-card,0.0,//www.nerdwallet.com/c1/images/3095_f4b4a674dfce4250a691728191297dce_138x225_L.jpg,British-Airways-Visa-Signature-Card
Delta SkyMiles® Blue American Express Card,2.0,1.0,1.0,1.0,2.0,1.0,FALSE,FALSE,690,0.0,American Express,,https://www.nerdwallet.com/reviews/credit-cards/blue-delta-skymiles,0.0,//cdn.nerdwallet.com/img/cc/CC_placeholder.svg,Delta-SkyMiles-Blue-American-Express-Card
Delta SkyMiles® Gold American Express Card,2.0,1.0,1.0,1.0,1.0,1.0,FALSE,FALSE,690,99.0,American Express,,https://www.nerdwallet.com/reviews/credit-cards/american-express-gold-delta-skymiles,100.0,//cdn.nerdwallet.com/img/cc/CC_placeholder.svg,Delta-SkyMiles-Gold-American-Express-Card
Delta SkyMiles® Platinum American Express Card,2.0,3.0,1.0,1.0,2.0,1.0,FALSE,FALSE,690,250.0,American Express,,https://www.nerdwallet.com/reviews/credit-cards/american-express-platinum-delta-skymiles,0.0,//cdn.nerdwallet.com/img/cc/CC_placeholder.svg,Delta-SkyMiles-Platinum-American-Express-Card
Delta SkyMiles® Reserve American Express Card,2.0,1.0,1.0,1.0,1.0,1.0,FALSE,FALSE,690,550.0,American Express,,https://www.nerdwallet.com/reviews/credit-cards/delta-reserve,0.0,//cdn.nerdwallet.com/img/cc/CC_placeholder.svg,Delta-SkyMiles-Reserve-American-Express-Card
Frontier Airlines World Mastercard®,5.0,1.0,1.0,1.0,1.0,1.0,FALSE,FALSE,690,79.0,MasterCard,,https://www.nerdwallet.com/reviews/credit-cards/frontier-airlines-card,0.0,//www.nerdwallet.com/c1/images/65563_6c8c47a91a2e33a1eabbb4970572be4b_153x225_L.jpg,Frontier-Airlines-World-Mastercard
JetBlue Card,3.0,1.0,2.0,1.0,2.0,1.0,FALSE,FALSE,690,0.0,Unknown,,https://www.nerdwallet.com/reviews/credit-cards/jetblue-card,0.0,//www.nerdwallet.com/c1/images/64160_db7f7012de13a802f0fa99454982adbb_153x225_L.jpg,JetBlue-Card
JetBlue Plus Card,3.0,1.0,2.0,1.0,2.0,1.0,FALSE,FALSE,720,99.0,Unknown,,https://www.nerdwallet.com/blog/credit-cards/jetblue-plus-card/,0.0,//www.nerdwallet.com/c1/images/10106_864895717c5888d3fb1428232d5de39d_141x225_L.jpg,JetBlue-Plus-Card
Southwest Rapid Rewards® Plus Credit Card,2.0,2.0,1.0,1.0,1.0,1.0,FALSE,FALSE,690,69.0,Unknown,https://www.nerdwallet.com/redirect/credit-cards/3050?clickHeader_category=Credit%20Card&clickHeader_productId=3050&name=Chase-Southwest-Airlines-Rapid-Rewards-Plus&trk_channel=web&trk_element=button&trk_location=MarketplaceApplyNow&trk_nldt=Learn-Decide&trk_pagetype=review&trk_sectionCategory=MarketplaceProductCard__cta&trk_topic=Airline%20Credit%20Cards&trk_vertical=Credit%20Cards&finish_type=external_application&has_prequalified=false&impression_id=&link_type=APPLY_NOW_BUTTON&monetizable=&page_number=&product_display_driver=&product_position=1&section_name=&section_position=&header_pageViewId=7f7193f7-dfd8-40dc-af47-a9133eda7c76,https://www.nerdwallet.com/reviews/credit-cards/southwest-rapid-rewards-plus,0.0,//www.nerdwallet.com/c1/images/3050_9d6f180622551bc5702218b1045148b1_138x225_L.jpg,Southwest-Rapid-Rewards-Plus-Credit-Card
Southwest Rapid Rewards® Premier Credit Card,2.0,2.0,1.0,1.0,1.0,1.0,FALSE,FALSE,690,99.0,Unknown,https://www.nerdwallet.com/redirect/credit-cards/3055?clickHeader_category=Credit%20Card&clickHeader_productId=3055&name=Chase-Southwest-Airlines-Rapid-Rewards&trk_channel=web&trk_element=button&trk_location=MarketplaceApplyNow&trk_nldt=Decide&trk_pagetype=review&trk_sectionCategory=MarketplaceProductCard__cta&trk_topic=undefined&trk_vertical=Credit%20Cards&finish_type=external_application&has_prequalified=false&impression_id=&link_type=APPLY_NOW_BUTTON&monetizable=&page_number=&product_display_driver=&product_position=1&section_name=&section_position=&header_pageViewId=e21cc169-23a0-44df-b0d9-61ba313e062a,https://www.nerdwallet.com/reviews/credit-cards/southwest-rapid-rewards-premier,0.0,//www.nerdwallet.com/c1/images/3055_1d978e5983c5a8da8e792582c98a9105_138x225_L.jpg,Southwest-Rapid-Rewards-Premier-Credit-Card
Southwest Rapid Rewards® Priority Credit Card,2.0,2.0,1.0,1.0,1.0,1.0,FALSE,FALSE,690,149.0,Unknown,https://www.nerdwallet.com/redirect/credit-cards/65538?clickHeader_category=Credit%20Card&clickHeader_productId=65538&name=Chase-Southwest-Rapid-Rewards-Priority&trk_channel=web&trk_element=button&trk_location=MarketplaceApplyNow&trk_nldt=Decide&trk_pagetype=review&trk_sectionCategory=MarketplaceProductCard__cta&trk_topic=Airline%20Credit%20Cards&trk_vertical=Credit%20Cards&finish_type=external_application&has_prequalified=false&impression_id=&link_type=APPLY_NOW_BUTTON&monetizable=&page_number=&product_display_driver=&product_position=1&section_name=&section_position=&header_pageViewId=f47c9db3-e77e-498b-b4d7-c4cd5d432f4a,https://www.nerdwallet.com/reviews/credit-cards/southwest-rapid-rewards-priority,75.0,//www.nerdwallet.com/c1/images/65538_beac8f965d4bc1895fe215b829b7d927_138x225_L.jpg,Southwest-Rapid-Rewards-Priority-Credit-Card
United℠ Explorer Card,2.0,2.0,1.0,1.0,2.0,1.0,FALSE,FALSE,690,95.0,Unknown,https://www.nerdwallet.com/redirect/credit-cards/3049?clickHeader_category=Credit%20Card&clickHeader_productId=3049&name=Chase-United-Airlines-Mileage-Plus&trk_channel=web&trk_element=button&trk_location=MarketplaceApplyNow&trk_nldt=Decide&trk_pagetype=review&trk_sectionCategory=MarketplaceProductCard__cta&trk_topic=Airline%20Credit%20Cards&trk_vertical=Credit%20Cards&finish_type=external_application&has_prequalified=false&impression_id=&link_type=APPLY_NOW_BUTTON&monetizable=&page_number=&product_display_driver=&product_position=1&section_name=&section_position=&header_pageViewId=5f63c20b-316e-4199-9fd0-acb89254006b,https://www.nerdwallet.com/reviews/credit-cards/united-explorer,240.0,//www.nerdwallet.com/c1/images/3049_6b6b3176866c6f71e18caa03834e7648_138x225_L.jpg,United-Explorer-Card
United Club℠ Infinite Card,2.0,2.0,1.0,1.0,2.0,1.0,FALSE,FALSE,690,525.0,Unknown,https://www.nerdwallet.com/redirect/credit-cards/3100?clickHeader_category=Credit%20Card&clickHeader_productId=3100&name=Chase-United-Airlines-Mileage-Plus-Club-Visa&trk_channel=web&trk_element=button&trk_location=MarketplaceApplyNow&trk_nldt=Decide&trk_pagetype=review&trk_sectionCategory=MarketplaceProductCard__cta&trk_topic=Airline%20Credit%20Cards&trk_vertical=Credit%20Cards&finish_type=external_application&has_prequalified=false&impression_id=&link_type=APPLY_NOW_BUTTON&monetizable=&page_number=&product_display_driver=&product_position=1&section_name=&section_position=&header_pageViewId=3a2867d3-8cf9-448d-b86a-137c1b5596f1,https://www.nerdwallet.com/reviews/credit-cards/united-club,420.0,//www.nerdwallet.com/c1/images/3100_1f3414403320a65dfade4c71cd787ba0_138x225_L.jpg,United-Club-Infinite-Card
United℠ TravelBank Card,2.0,2.0,1.0,1.0,1.0,1.0,FALSE,FALSE,690,0.0,Unknown,,https://www.nerdwallet.com/reviews/credit-cards/united-travelbank,0.0,//www.nerdwallet.com/c1/images/65399_c67cde06f2284131d54852f6d142e420_157x225_L.jpg,United-TravelBank-Card
Virgin Atlantic World Elite Mastercard®,0.0,0.0,0.0,0.0,0.0,0.0,FALSE,FALSE,690,90.0,MasterCard,,https://www.nerdwallet.com/reviews/credit-cards/virgin-atlantic,0.0,//cdn.nerdwallet.com/img/cc/CC_placeholder.svg,Virgin-Atlantic-World-Elite-Mastercard
CitiBusiness® / AAdvantage® Platinum Select® Mastercard®,0.0,0.0,0.0,0.0,0.0,0.0,FALSE,FALSE,720,99.0,MasterCard,,https://www.nerdwallet.com/reviews/credit-cards/citibusiness-aadvantage-platinum,0.0,//cdn.nerdwallet.com/img/cc/CC_placeholder.svg,CitiBusiness--AAdvantage-Platinum-Select-Mastercard
Delta SkyMiles® Gold Business American Express Card,2.0,1.0,1.0,1.0,1.0,1.0,FALSE,FALSE,690,99.0,American Express,https://www.nerdwallet.com/redirect/credit-cards/1106?clickHeader_category=Credit%20Card&clickHeader_productId=1106&name=American-Express-Gold-Delta-SkyMiles-Business&trk_channel=web&trk_element=button&trk_location=MarketplaceApplyNow&trk_nldt=Decide&trk_pagetype=review&trk_sectionCategory=MarketplaceProductCard__cta&trk_topic=Airline%20Credit%20Cards&trk_vertical=Credit%20Cards&finish_type=external_application&has_prequalified=false&impression_id=&link_type=APPLY_NOW_BUTTON&monetizable=&page_number=&product_display_driver=&product_position=1&section_name=&section_position=&header_pageViewId=d916911d-cba1-4ea8-a344-36b454e0c0fe,https://www.nerdwallet.com/reviews/credit-cards/american-express-gold-delta-skymiles-business,100.0,//www.nerdwallet.com/c1/images/1106_5979375ae775f568f900fb5fca6c499b_142x225_L.jpg,Delta-SkyMiles-Gold-Business-American-Express-Card
Delta SkyMiles® Platinum Business American Express Card,3.0,1.0,1.0,1.0,1.0,1.0,FALSE,FALSE,690,250.0,American Express,https://www.nerdwallet.com/redirect/credit-cards/1102?clickHeader_category=Credit%20Card&clickHeader_productId=1102&name=American-Express-Platinum-Delta-SkyMiles-Business&trk_channel=web&trk_element=button&trk_location=MarketplaceApplyNow&trk_nldt=undefined&trk_pagetype=review&trk_sectionCategory=MarketplaceProductCard__cta&trk_topic=Airline%20Credit%20Cards&trk_vertical=Credit%20Cards&finish_type=external_application&has_prequalified=false&impression_id=&link_type=APPLY_NOW_BUTTON&monetizable=&page_number=&product_display_driver=&product_position=1&section_name=&section_position=&header_pageViewId=8a72c0dc-62c4-4ac6-a2dc-40d7c6cd780d,https://www.nerdwallet.com/blog/credit-cards/platinum-delta-skymiles-business-credit-card/,0.0,//www.nerdwallet.com/c1/images/1102_a980067af346299fa8fd26ec40f3e417_142x225_L.jpg,Delta-SkyMiles-Platinum-Business-American-Express-Card
Delta SkyMiles® Reserve Business American Express Card,3.0,1.0,1.0,1.0,1.0,1.0,FALSE,FALSE,690,550.0,American Express,https://www.nerdwallet.com/redirect/credit-cards/1101?clickHeader_category=Credit%20Card&clickHeader_productId=1101&name=American-Express-Delta-Reserve-for-Business&trk_channel=web&trk_element=button&trk_location=MarketplaceApplyNow&trk_nldt=undefined&trk_pagetype=review&trk_sectionCategory=MarketplaceProductCard__cta&trk_topic=Airline%20Credit%20Cards&trk_vertical=Credit%20Cards&finish_type=external_application&has_prequalified=false&impression_id=&link_type=APPLY_NOW_BUTTON&monetizable=&page_number=&product_display_driver=&product_position=1&section_name=&section_position=&header_pageViewId=143af8d9-946c-41d8-8807-6688ebd71051,https://www.nerdwallet.com/blog/credit-cards/delta-reserve-for-business/,0.0,//www.nerdwallet.com/c1/images/1101_faeb6d63bf6ecb776df83b3972b289c5_142x225_L.jpg,Delta-SkyMiles-Reserve-Business-American-Express-Card
Southwest Rapid Rewards® Performance Business Credit Card,3.0,1.0,1.0,1.0,1.0,1.0,FALSE,FALSE,690,199.0,Unknown,,https://www.nerdwallet.com/reviews/credit-cards/southwest-rapid-rewards-performance-business,0.0,//cdn.nerdwallet.com/img/cc/CC_placeholder.svg,Southwest-Rapid-Rewards-Performance-Business-Credit-Card
Southwest Rapid Rewards® Premier Business Credit Card,2.0,2.0,1.0,1.0,1.0,1.0,FALSE,FALSE,690,99.0,Unknown,,https://www.nerdwallet.com/blog/credit-cards/southwest-rapid-rewards-premier-business-credit-card/,0.0,//cdn.nerdwallet.com/img/cc/CC_placeholder.svg,Southwest-Rapid-Rewards-Premier-Business-Credit-Card
United℠ Business Card,0.0,0.0,0.0,0.0,0.0,0.0,FALSE,FALSE,690,99.0,Unknown,,https://www.nerdwallet.com/reviews/credit-cards/united-explorer-business,0.0,//cdn.nerdwallet.com/img/cc/CC_placeholder.svg,United-Business-Card
Best Western Rewards® Mastercard®,0.0,0.0,0.0,0.0,0.0,0.0,FALSE,FALSE,690,0.0,MasterCard,,https://www.nerdwallet.com/reviews/credit-cards/best-western-rewards,0.0,//www.nerdwallet.com/c1/images/10020_7a887226c1a25c898d239eeb708f1989_141x225_L.jpg,Best-Western-Rewards-Mastercard
Hilton Honors American Express Card,0.0,0.0,0.0,0.0,0.0,0.0,FALSE,FALSE,690,0.0,American Express,https://www.nerdwallet.com/redirect/credit-cards/1118?clickHeader_category=Credit%20Card&clickHeader_productId=1118&name=Hilton-HHonors-American-Express&trk_channel=web&trk_element=button&trk_location=MarketplaceApplyNow&trk_nldt=Decide&trk_pagetype=review&trk_sectionCategory=MarketplaceProductCard__cta&trk_topic=Rewards%20Credit%20Cards&trk_vertical=Credit%20Cards&finish_type=external_application&has_prequalified=false&impression_id=&link_type=APPLY_NOW_BUTTON&monetizable=&page_number=&product_display_driver=&product_position=1&section_name=&section_position=&header_pageViewId=1470c2d2-ac36-43b8-a878-ba12554c97c2,https://www.nerdwallet.com/reviews/credit-cards/hilton-amex-review,0.0,//www.nerdwallet.com/c1/images/1118_2176f1818d35cfc12d61b37e9ec3e73d_142x225_L.jpg,Hilton-Honors-American-Express-Card
Hilton Honors American Express Surpass® Card,0.0,0.0,0.0,0.0,0.0,0.0,FALSE,FALSE,690,95.0,American Express,https://www.nerdwallet.com/redirect/credit-cards/65504?clickHeader_category=Credit%20Card&clickHeader_productId=65504&name=Hilton-Honors-Ascend&trk_channel=web&trk_element=button&trk_location=MarketplaceApplyNow&trk_nldt=Decide&trk_pagetype=review&trk_sectionCategory=MarketplaceProductCard__cta&trk_topic=Rewards%20Credit%20Cards&trk_vertical=Credit%20Cards&finish_type=external_application&has_prequalified=false&impression_id=&link_type=APPLY_NOW_BUTTON&monetizable=&page_number=&product_display_driver=&product_position=1&section_name=&section_position=&header_pageViewId=a3e896e9-bc74-4219-b7bb-75fdb8adecaa,https://www.nerdwallet.com/reviews/credit-cards/hilton-amex-ascend,0.0,//www.nerdwallet.com/c1/images/65504_d5816111bcd4e17c7cca0e8c2b6e7d13_142x225_L.jpg,Hilton-Honors-American-Express-Surpass-Card
The World Of Hyatt Credit Card,1.0,1.0,1.0,1.0,2.0,1.0,FALSE,FALSE,690,95.0,Unknown,https://www.nerdwallet.com/redirect/credit-cards/65537?clickHeader_category=Credit%20Card&clickHeader_productId=65537&name=Chase-World-Of-Hyatt&trk_channel=web&trk_element=button&trk_location=MarketplaceApplyNow&trk_nldt=Learn-Decide&trk_pagetype=review&trk_sectionCategory=MarketplaceProductCard__cta&trk_topic=Rewards%20Credit%20Cards&trk_vertical=Credit%20Cards&finish_type=external_application&has_prequalified=false&impression_id=&link_type=APPLY_NOW_BUTTON&monetizable=&page_number=&product_display_driver=&product_position=1&section_name=&section_position=&header_pageViewId=5537bcb1-1dbc-4363-87f7-16a79cb20bcf,https://www.nerdwallet.com/reviews/credit-cards/world-of-hyatt,0.0,//www.nerdwallet.com/c1/images/65537_c2e68563023e5bfdc123cae352f07580_138x225_L.jpg,The-World-Of-Hyatt-Credit-Card
IHG® Rewards Club Premier Credit Card,1.0,1.0,1.0,2.0,1.0,1.0,FALSE,FALSE,690,89.0,Unknown,https://www.nerdwallet.com/redirect/credit-cards/65522?clickHeader_category=Credit%20Card&clickHeader_productId=65522&name=Chase-IHG-Rewards-Club-Premier&trk_channel=web&trk_element=button&trk_location=MarketplaceApplyNow&trk_nldt=Decide&trk_pagetype=review&trk_sectionCategory=MarketplaceProductCard__cta&trk_topic=Travel%20Credit%20Cards&trk_vertical=Credit%20Cards&finish_type=external_application&has_prequalified=false&impression_id=&link_type=APPLY_NOW_BUTTON&monetizable=&page_number=&product_display_driver=&product_position=1&section_name=&section_position=&header_pageViewId=3d36d8b1-9417-411f-8e50-80b231f16bb5,https://www.nerdwallet.com/reviews/credit-cards/ihg-credit-card,100.0,//www.nerdwallet.com/c1/images/65522_3e230ebe8e5cce9901c2b0d45b794f5e_138x225_L.jpg,IHG-Rewards-Club-Premier-Credit-Card
IHG® Rewards Club Traveler Credit Card,1.0,1.0,1.0,2.0,1.0,1.0,FALSE,FALSE,690,0.0,Unknown,https://www.nerdwallet.com/redirect/credit-cards/65734?clickHeader_category=Credit%20Card&clickHeader_productId=65734&name=Chase-IHG-Rewards-Club-Traveler&trk_channel=web&trk_element=button&trk_location=MarketplaceApplyNow&trk_nldt=undefined&trk_pagetype=review&trk_sectionCategory=MarketplaceProductCard__cta&trk_topic=Rewards%20Credit%20Cards&trk_vertical=Credit%20Cards&finish_type=external_application&has_prequalified=false&impression_id=&link_type=APPLY_NOW_BUTTON&monetizable=&page_number=&product_display_driver=&product_position=1&section_name=&section_position=&header_pageViewId=4bb1bbb5-f5a9-4216-86b1-7c212a9bbac2,https://www.nerdwallet.com/reviews/credit-cards/ihg-traveler,0.0,//www.nerdwallet.com/c1/images/65734_92db52adaddb25df6c49431b831adac4_138x225_L.jpg,IHG-Rewards-Club-Traveler-Credit-Card
Marriott Bonvoy Bold™ Credit Card,2.0,1.0,1.0,1.0,1.0,1.0,FALSE,FALSE,690,0.0,Unknown,https://www.nerdwallet.com/redirect/credit-cards/65626?clickHeader_category=Credit%20Card&clickHeader_productId=65626&name=Chase-Marriott-Bonvoy-Bold-Credit-Card&trk_channel=web&trk_element=button&trk_location=MarketplaceApplyNow&trk_nldt=Learn-Decide&trk_pagetype=review&trk_sectionCategory=MarketplaceProductCard__cta&trk_topic=Travel%20Credit%20Cards&trk_vertical=Credit%20Cards&finish_type=external_application&has_prequalified=false&impression_id=&link_type=APPLY_NOW_BUTTON&monetizable=&page_number=&product_display_driver=&product_position=1&section_name=&section_position=&header_pageViewId=1c234abf-db17-442c-92de-03f68cc4d2cb,https://www.nerdwallet.com/reviews/credit-cards/marriott-bonvoy-bold,0.0,//www.nerdwallet.com/c1/images/65626_5172c3ba089e84bb418cc92f565aaf20_138x225_L.jpg,Marriott-Bonvoy-Bold-Credit-Card
Marriott Bonvoy Boundless™ Credit Card,0.0,0.0,0.0,0.0,0.0,0.0,FALSE,FALSE,690,95.0,Unknown,https://www.nerdwallet.com/redirect/credit-cards/65568?clickHeader_category=Credit%20Card&clickHeader_productId=65568&name=Marriott-Bonvoy-Boundless-Credit-Card&trk_channel=web&trk_element=button&trk_location=MarketplaceApplyNow&trk_nldt=Decide&trk_pagetype=review&trk_sectionCategory=MarketplaceProductCard__cta&trk_topic=Travel%20Credit%20Cards&trk_vertical=Credit%20Cards&finish_type=external_application&has_prequalified=false&impression_id=&link_type=APPLY_NOW_BUTTON&monetizable=&page_number=&product_display_driver=&product_position=1&section_name=&section_position=&header_pageViewId=0f99926c-04b9-4ee3-b2e0-0cd16d1b2153,https://www.nerdwallet.com/reviews/credit-cards/marriott-bonvoy-boundless,0.0,//www.nerdwallet.com/c1/images/65568_e57d3f3cdb49f9af0b4d89d93dff2f5c_138x225_L.jpg,Marriott-Bonvoy-Boundless-Credit-Card
Wyndham Rewards® Visa® With No Annual Fee,1.0,3.0,1.0,2.0,1.0,1.0,FALSE,FALSE,690,0.0,Visa,,https://www.nerdwallet.com/reviews/credit-cards/wyndham-rewards-visa,0.0,//www.nerdwallet.com/c1/images/10056_43900741a759d2ee7d6d2fa5a9cdf079_141x225_L.jpg,Wyndham-Rewards-Visa-With-No-Annual-Fee
The Hilton Honors American Express Business Card,0.0,0.0,0.0,0.0,0.0,0.0,FALSE,FALSE,690,95.0,American Express,https://www.nerdwallet.com/redirect/credit-cards/65501?clickHeader_category=Credit%20Card&clickHeader_productId=65501&name=American-Express-Hilton-Honors-Business&trk_channel=web&trk_element=button&trk_location=MarketplaceApplyNow&trk_nldt=undefined&trk_pagetype=review&trk_sectionCategory=MarketplaceProductCard__cta&trk_topic=Business%20Credit%20Cards&trk_vertical=Credit%20Cards&finish_type=external_application&has_prequalified=false&impression_id=&link_type=APPLY_NOW_BUTTON&monetizable=&page_number=&product_display_driver=&product_position=1&section_name=&section_position=&header_pageViewId=067d38d9-de37-40e9-b492-44dcb7a7e3a4,https://www.nerdwallet.com/blog/credit-cards/hilton-honors-american-express-business-card/,0.0,//www.nerdwallet.com/c1/images/65501_a496ae8c5496f134e282c0e68483eee2_142x225_L.jpg,The-Hilton-Honors-American-Express-Business-Card
Marriott Bonvoy Business™ American Express® Card,0.0,0.0,0.0,0.0,0.0,0.0,FALSE,FALSE,690,125.0,American Express,https://www.nerdwallet.com/redirect/credit-cards/65567?clickHeader_category=Credit%20Card&clickHeader_productId=65567&name=American-Express-Marriott-Bonvoy-Business&trk_channel=web&trk_element=button&trk_location=MarketplaceApplyNow&trk_nldt=Decide&trk_pagetype=review&trk_sectionCategory=MarketplaceProductCard__cta&trk_topic=Business%20Credit%20Cards&trk_vertical=Credit%20Cards&finish_type=external_application&has_prequalified=false&impression_id=&link_type=APPLY_NOW_BUTTON&monetizable=&page_number=&product_display_driver=&product_position=1&section_name=&section_position=&header_pageViewId=2455bcd6-d175-4b58-bddd-2c6db5b35941,https://www.nerdwallet.com/reviews/credit-cards/marriott-bonvoy-business,0.0,//www.nerdwallet.com/c1/images/65567_b7efa9b91ec064b0a60d6657cd65ea6e_142x225_L.jpg,Marriott-Bonvoy-Business-American-Express-Card
Amazon Business Prime American Express Card,1.0,1.0,1.0,1.0,2.0,5.0,FALSE,FALSE,690,0.0,American Express,https://www.nerdwallet.com/redirect/credit-cards/65587?clickHeader_category=Credit%20Card&clickHeader_productId=65587&name=Amazon-Business-Prime-American-Express-Card&trk_channel=web&trk_element=button&trk_location=MarketplaceApplyNow&trk_nldt=undefined&trk_pagetype=review&trk_sectionCategory=MarketplaceProductCard__cta&trk_topic=Business%20Credit%20Cards&trk_vertical=Credit%20Cards&finish_type=external_application&has_prequalified=false&impression_id=&link_type=APPLY_NOW_BUTTON&monetizable=&page_number=&product_display_driver=&product_position=1&section_name=&section_position=&header_pageViewId=79a98b1e-fc45-4d78-a489-ab196192ab83,https://www.nerdwallet.com/reviews/credit-cards/amazon-business-prime-amex,0.0,//www.nerdwallet.com/c1/images/65587_f82321cdf7b7974dff044e3ed1cf9719_142x225_L.jpg,Amazon-Business-Prime-American-Express-Card
American Express Blue Business Cash™ Card,2.0,2.0,2.0,2.0,2.0,2.0,FALSE,TRUE,690,0.0,American Express,https://www.nerdwallet.com/redirect/credit-cards/65711?clickHeader_category=Credit%20Card&clickHeader_productId=65711&name=American-Express-Blue-Business-Cash-Card&trk_channel=web&trk_element=button&trk_location=MarketplaceApplyNow&trk_nldt=Learn-Decide&trk_pagetype=review&trk_sectionCategory=MarketplaceProductCard__cta&trk_topic=Business%20Credit%20Cards&trk_vertical=Credit%20Cards&finish_type=external_application&has_prequalified=false&impression_id=&link_type=APPLY_NOW_BUTTON&monetizable=&page_number=&product_display_driver=&product_position=1&section_name=&section_position=&header_pageViewId=ab30b269-ae57-4882-be9c-f66a771a9225,https://www.nerdwallet.com/reviews/credit-cards/amex-blue-business-cash,100.0,//www.nerdwallet.com/c1/images/65711_c2f089404666ad02f9ee45bbe25dd186_142x225_L.jpg,American-Express-Blue-Business-Cash-Card
The Blue Business® Plus Credit Card from American Express,2.0,2.0,2.0,2.0,2.0,2.0,FALSE,TRUE,690,0.0,American Express,https://www.nerdwallet.com/redirect/credit-cards/1112?clickHeader_category=Credit%20Card&clickHeader_productId=1112&name=American-Express-Blue-for-Business&trk_channel=web&trk_element=button&trk_location=MarketplaceApplyNow&trk_nldt=Decide&trk_pagetype=review&trk_sectionCategory=MarketplaceProductCard__cta&trk_topic=Business%20Credit%20Cards&trk_vertical=Credit%20Cards&finish_type=external_application&has_prequalified=false&impression_id=&link_type=APPLY_NOW_BUTTON&monetizable=&page_number=&product_display_driver=&product_position=1&section_name=&section_position=&header_pageViewId=da9b8990-8cac-4b2b-91d7-b0026a638b5b,https://www.nerdwallet.com/reviews/credit-cards/amex-blue-business-plus,100.0,//www.nerdwallet.com/c1/images/1112_5a54e6192a26742b792a7751ca206327_142x225_L.jpg,The-Blue-Business-Plus-Credit-Card-from-American-Express
American Express® Business Gold Card,1.0,1.0,1.0,1.0,1.0,4.0,FALSE,FALSE,690,295.0,American Express,https://www.nerdwallet.com/redirect/credit-cards/1103?clickHeader_category=Credit%20Card&clickHeader_productId=1103&name=American-Express-Gold-Card-from-OPEN&trk_channel=web&trk_element=button&trk_location=MarketplaceApplyNow&trk_nldt=Decide&trk_pagetype=review&trk_sectionCategory=MarketplaceProductCard__cta&trk_topic=Business%20Credit%20Cards&trk_vertical=Credit%20Cards&finish_type=external_application&has_prequalified=false&impression_id=&link_type=APPLY_NOW_BUTTON&monetizable=&page_number=&product_display_driver=&product_position=1&section_name=&section_position=&header_pageViewId=ef97d8fc-ad5d-4f2b-a097-fa1fc3bce2f0,https://www.nerdwallet.com/reviews/credit-cards/american-express-business-gold,0.0,//www.nerdwallet.com/c1/images/1103_53cb43d5b32e8f042a0837b45a0274e7_142x225_L.jpg,American-Express-Business-Gold-Card
The Business Platinum Card® from American Express,5.0,5.0,1.0,1.0,1.0,1.0,FALSE,FALSE,690,595.0,American Express,https://www.nerdwallet.com/redirect/credit-cards/1100?clickHeader_category=Credit%20Card&clickHeader_productId=1100&name=American-Express-Business-Platinum&trk_channel=web&trk_element=button&trk_location=MarketplaceApplyNow&trk_nldt=Decide&trk_pagetype=review&trk_sectionCategory=MarketplaceProductCard__cta&trk_topic=Business%20Credit%20Cards&trk_vertical=Credit%20Cards&finish_type=external_application&has_prequalified=false&impression_id=&link_type=APPLY_NOW_BUTTON&monetizable=&page_number=&product_display_driver=&product_position=1&section_name=&section_position=&header_pageViewId=a960dd81-f2e0-42ea-bc43-fd95fe14c766,https://www.nerdwallet.com/reviews/credit-cards/american-express-business-platinum,200.0,//www.nerdwallet.com/c1/images/1100_8a523ba6a026c08b03757977dfda5ca5_142x225_L.jpg,The-Business-Platinum-Card-from-American-Express
Business Green Rewards Card from American Express,1.0,1.0,1.0,1.0,1.0,1.0,FALSE,FALSE,690,95.0,American Express,,https://www.nerdwallet.com/reviews/credit-cards/american-express-business-green,0.0,//cdn.nerdwallet.com/img/cc/CC_placeholder.svg,Business-Green-Rewards-Card-from-American-Express
The Plum Card® from American Express,0.0,0.0,0.0,0.0,0.0,0.0,FALSE,FALSE,690,250.0,American Express,https://www.nerdwallet.com/redirect/credit-cards/1105?clickHeader_category=Credit%20Card&clickHeader_productId=1105&name=American-Express-Plum-Card&trk_channel=web&trk_element=button&trk_location=MarketplaceApplyNow&trk_nldt=Decide&trk_pagetype=review&trk_sectionCategory=MarketplaceProductCard__cta&trk_topic=Business%20Credit%20Cards&trk_vertical=Credit%20Cards&finish_type=external_application&has_prequalified=false&impression_id=&link_type=APPLY_NOW_BUTTON&monetizable=&page_number=&product_display_driver=&product_position=1&section_name=&section_position=&header_pageViewId=84463d00-cf8b-417c-95ae-6512509c9e62,https://www.nerdwallet.com/reviews/credit-cards/american-express-plum,0.0,//www.nerdwallet.com/c1/images/1105_24572f47209b9a2f0313b04695426e35_142x225_L.jpg,The-Plum-Card-from-American-Express
Bank of America® Business Advantage Cash Rewards Mastercard® credit card,1.0,1.0,1.0,1.0,2.0,3.0,FALSE,TRUE,720,0.0,MasterCard,,https://www.nerdwallet.com/reviews/credit-cards/bank-of-america-business-advantage-cash-rewards,300.0,//cdn.nerdwallet.com/img/cc/CC_placeholder.svg,Bank-of-America-Business-Advantage-Cash-Rewards-Mastercard-credit-card
Bank of America® Business Advantage Travel Rewards World Mastercard® credit card,1.5,1.5,1.5,1.5,1.5,1.5,FALSE,TRUE,720,0.0,MasterCard,,https://www.nerdwallet.com/reviews/credit-cards/bank-of-america-business-advantage-travel,300.0,//cdn.nerdwallet.com/img/cc/CC_placeholder.svg,Bank-of-America-Business-Advantage-Travel-Rewards-World-Mastercard-credit-card
Bank of America® Platinum Plus® Mastercard® Business credit card,0.0,0.0,0.0,0.0,0.0,0.0,FALSE,FALSE,720,0.0,MasterCard,,https://www.nerdwallet.com/reviews/credit-cards/bank-of-america-platinum-business,300.0,//cdn.nerdwallet.com/img/cc/CC_placeholder.svg,Bank-of-America-Platinum-Plus-Mastercard-Business-credit-card
Brex Card for Startups,4.0,4.0,1.0,1.0,3.0,1.0,FALSE,FALSE,300,0.0,Unknown,https://www.nerdwallet.com/redirect/credit-cards/65556?clickHeader_category=Credit%20Card&clickHeader_productId=65556&name=Brex-Commercial-Card&trk_channel=web&trk_element=button&trk_location=MarketplaceApplyNow&trk_nldt=Learn-Decide&trk_pagetype=review&trk_sectionCategory=MarketplaceProductCard__cta&trk_topic=Business%20Credit%20Cards&trk_vertical=Credit%20Cards&finish_type=external_application&has_prequalified=false&impression_id=&link_type=APPLY_NOW_BUTTON&monetizable=&page_number=&product_display_driver=&product_position=1&section_name=&section_position=&header_pageViewId=da354f77-4b52-43b2-9b0c-ac059e2afe10,https://www.nerdwallet.com/reviews/credit-cards/brex-card,0.0,//www.nerdwallet.com/c1/images/65556_8e08f0628424d7d2ef9b2dbcc2ae51fd_141x225_L.jpg,Brex-Card-for-Startups
Capital One® Spark® Cash for Business,2.0,2.0,2.0,2.0,2.0,2.0,FALSE,TRUE,690,95.0,Unknown,,https://www.nerdwallet.com/reviews/credit-cards/capital-one-spark-cash,0.0,//cdn.nerdwallet.com/img/cc/CC_placeholder.svg,Capital-One-Spark-Cash-for-Business
Capital One® Spark® Cash Select for Business,1.5,1.5,1.5,1.5,1.5,1.5,FALSE,TRUE,690,0.0,Unknown,,https://www.nerdwallet.com/reviews/credit-cards/capital-one-spark-cash-select,0.0,//cdn.nerdwallet.com/img/cc/CC_placeholder.svg,Capital-One-Spark-Cash-Select-for-Business
Capital One® Spark® Classic for Business,1.0,1.0,1.0,1.0,1.0,1.0,FALSE,TRUE,630,0.0,Unknown,,https://www.nerdwallet.com/reviews/credit-cards/capital-one-spark-classic,0.0,//cdn.nerdwallet.com/img/cc/CC_placeholder.svg,Capital-One-Spark-Classic-for-Business
Capital One® Spark® Miles for Business,2.0,2.0,2.0,2.0,2.0,2.0,FALSE,TRUE,690,95.0,Unknown,,https://www.nerdwallet.com/reviews/credit-cards/capital-one-spark-miles,100.0,//cdn.nerdwallet.com/img/cc/CC_placeholder.svg,Capital-One-Spark-Miles-for-Business
Capital One® Spark® Miles Select for Business,1.5,1.5,1.5,1.5,1.5,1.5,FALSE,TRUE,690,0.0,Unknown,,https://www.nerdwallet.com/reviews/credit-cards/capital-one-spark-miles-select,0.0,//cdn.nerdwallet.com/img/cc/CC_placeholder.svg,Capital-One-Spark-Miles-Select-for-Business
Discover it® Business Card,1.5,1.5,1.5,1.5,1.5,1.5,FALSE,TRUE,690,0.0,Discover,,https://www.nerdwallet.com/reviews/credit-cards/discover-it-business,0.0,//cdn.nerdwallet.com/img/cc/CC_placeholder.svg,Discover-it-Business-Card
Ink Business Cash℠ Credit Card,1.0,1.0,1.0,2.0,2.0,5.0,FALSE,FALSE,690,0.0,Unknown,,https://www.nerdwallet.com/reviews/credit-cards/chase-ink-cash,0.0,//cdn.nerdwallet.com/img/cc/CC_placeholder.svg,Ink-Business-Cash-Credit-Card
Ink Business Preferred® Credit Card,3.0,3.0,1.0,1.0,1.0,3.0,FALSE,FALSE,690,95.0,Unknown,,https://www.nerdwallet.com/reviews/credit-cards/chase-ink-preferred,0.0,//cdn.nerdwallet.com/img/cc/CC_placeholder.svg,Ink-Business-Preferred-Credit-Card
Ink Business Unlimited℠ Credit Card,1.5,1.5,1.5,1.5,1.5,1.5,FALSE,TRUE,690,0.0,Unknown,,https://www.nerdwallet.com/reviews/credit-cards/chase-ink-business-unlimited,0.0,//cdn.nerdwallet.com/img/cc/CC_placeholder.svg,Ink-Business-Unlimited-Credit-Card
U.S. Bank Business Cash Rewards World Elite™ MasterCard®,1.0,1.0,1.0,3.0,1.0,1.0,FALSE,FALSE,720,0.0,MasterCard,,https://www.nerdwallet.com/reviews/credit-cards/us-bank-business-cash-rewards,0.0,//cdn.nerdwallet.com/img/cc/CC_placeholder.svg,U.S.-Bank-Business-Cash-Rewards-World-Elite-MasterCard
U.S. Bank Business Leverage® Visa Signature® Card,0.0,0.0,0.0,0.0,0.0,0.0,FALSE,FALSE,720,95.0,Visa,,https://www.nerdwallet.com/reviews/credit-cards/us-bank-business-leverage,0.0,//cdn.nerdwallet.com/img/cc/CC_placeholder.svg,U.S.-Bank-Business-Leverage-Visa-Signature-Card
Journey® Student Rewards from Capital One®,0.0,0.0,0.0,0.0,0.0,0.0,FALSE,FALSE,630,0.0,Unknown,,https://www.nerdwallet.com/reviews/credit-cards/capital-one-journey,0.0,//cdn.nerdwallet.com/img/cc/CC_placeholder.svg,Journey-Student-Rewards-from-Capital-One
Citi Rewards+℠ Student Card,2.0,2.0,2.0,2.0,2.0,2.0,FALSE,TRUE,690,0.0,Unknown,,https://www.nerdwallet.com/reviews/credit-cards/citi-rewards-plus-student,0.0,//cdn.nerdwallet.com/img/cc/CC_placeholder.svg,Citi-Rewards+-Student-Card
Deserve® EDU Mastercard for Students,1.0,1.0,1.0,1.0,1.0,1.0,FALSE,TRUE,630,0.0,MasterCard,https://www.nerdwallet.com/redirect/credit-cards/65466?clickHeader_category=Credit%20Card&clickHeader_productId=65466&name=Deserve-Edu-Mastercard&trk_channel=web&trk_element=button&trk_location=MarketplaceApplyNow&trk_nldt=Decide&trk_pagetype=review&trk_sectionCategory=MarketplaceProductCard__cta&trk_topic=Student%20Credit%20Cards&trk_vertical=Credit%20Cards&finish_type=external_application&has_prequalified=false&impression_id=&link_type=APPLY_NOW_BUTTON&monetizable=&page_number=&product_display_driver=&product_position=1&section_name=&section_position=&header_pageViewId=c927307d-2cb7-4002-8440-b3f11c08b4f3&clickHeader_productSlug=Deserve-Edu-Mastercard&clickHeader_productLocation=MarketplaceProductCard&clickHeader_productInstance=unknown&clickHeader_linkType=APPLY_NOW_BUTTON&clickHeader_productPosition=1&clickHeader_sectionPosition=&clickHeader_offerVersionId=171169&clickHeader_pageNumber=&clickHeader_impressionId=d61a5437-b2b0-420a-99b8-d65481cc6f18&pos=1,https://www.nerdwallet.com/reviews/credit-cards/deserve-edu,0.0,//www.nerdwallet.com/c1/images/65466_953e2ebaf83db83e1f7947ae1411f787_141x225_L.jpg,Deserve-EDU-Mastercard-for-Students
Discover it® Student Cash Back,1.0,1.0,1.0,1.0,1.0,5.0,FALSE,FALSE,630,0.0,Discover,https://www.nerdwallet.com/redirect/credit-cards/6044?clickHeader_category=Credit%20Card&clickHeader_productId=6044&name=Discover-It-Student&trk_channel=web&trk_element=button&trk_location=MarketplaceApplyNow&trk_nldt=Decide&trk_pagetype=review&trk_sectionCategory=MarketplaceProductCard__cta&trk_topic=undefined&trk_vertical=Credit%20Cards&finish_type=external_application&has_prequalified=false&impression_id=&link_type=APPLY_NOW_BUTTON&monetizable=&page_number=&product_display_driver=&product_position=1&section_name=&section_position=&header_pageViewId=793134d3-91bd-4649-a609-433e4625fc8f&clickHeader_productSlug=Discover-It-Student&clickHeader_productLocation=MarketplaceProductCard&clickHeader_productInstance=unknown&clickHeader_linkType=APPLY_NOW_BUTTON&clickHeader_productPosition=1&clickHeader_sectionPosition=&clickHeader_offerVersionId=174539&clickHeader_pageNumber=&clickHeader_impressionId=84149c54-4f97-44e5-82db-28b1b4c7b8cb&pos=1,https://www.nerdwallet.com/reviews/credit-cards/discover-it-student-cash-back,0.0,//www.nerdwallet.com/c1/images/6044_6b2e40feb3ab32dd2163b3461a61b416_140x225_L.jpg,Discover-it-Student-Cash-Back
Discover it® Student chrome,1.0,1.0,1.0,2.0,2.0,1.0,FALSE,FALSE,630,0.0,Discover,https://www.nerdwallet.com/redirect/credit-cards/6050?clickHeader_category=Credit%20Card&clickHeader_productId=6050&name=Discover-it-chrome-Students&trk_channel=web&trk_element=button&trk_location=MarketplaceApplyNow&trk_nldt=Decide&trk_pagetype=review&trk_sectionCategory=MarketplaceProductCard__cta&trk_topic=Student%20Credit%20Cards&trk_vertical=Credit%20Cards&finish_type=external_application&has_prequalified=false&impression_id=&link_type=APPLY_NOW_BUTTON&monetizable=&page_number=&product_display_driver=&product_position=1&section_name=&section_position=&header_pageViewId=88862bc1-1b19-4490-a2f9-bce4aef5f3f5&clickHeader_productSlug=Discover-it-chrome-Students&clickHeader_productLocation=MarketplaceProductCard&clickHeader_productInstance=unknown&clickHeader_linkType=APPLY_NOW_BUTTON&clickHeader_productPosition=1&clickHeader_sectionPosition=&clickHeader_offerVersionId=174540&clickHeader_pageNumber=&clickHeader_impressionId=0ee1ee57-f445-4f62-8974-fb6ad53877a3&pos=1,https://www.nerdwallet.com/reviews/credit-cards/discover-it-student-chrome,0.0,//www.nerdwallet.com/c1/images/6050_448fee0997d0d9ff5aa1bd460f5e10a7_140x225_L.jpg,Discover-it-Student-chrome
Capital One® Secured Mastercard®,0.0,0.0,0.0,0.0,0.0,0.0,FALSE,FALSE,300,0.0,MasterCard,,https://www.nerdwallet.com/reviews/credit-cards/capital-one-secured,200.0,//cdn.nerdwallet.com/img/cc/CC_placeholder.svg,Capital-One-Secured-Mastercard
Citi® Secured Mastercard®,0.0,0.0,0.0,0.0,0.0,0.0,FALSE,FALSE,690,0.0,MasterCard,,https://www.nerdwallet.com/reviews/credit-cards/citi-secured,200.0,//cdn.nerdwallet.com/img/cc/CC_placeholder.svg,Citi-Secured-Mastercard
DCU Visa® Platinum Secured Credit Card,0.0,0.0,0.0,0.0,0.0,0.0,FALSE,FALSE,300,0.0,Visa,,https://www.nerdwallet.com/reviews/credit-cards/digital-federal-credit-union-secured,0.0,//www.nerdwallet.com/c1/images/60032_27dcb99925b2db0f29498ec66b3d702a_147x225_L.jpg,DCU-Visa-Platinum-Secured-Credit-Card
Discover it® Secured,1.0,1.0,1.0,2.0,2.0,1.0,FALSE,FALSE,300,0.0,Discover,https://www.nerdwallet.com/redirect/credit-cards/6054?clickHeader_category=Credit%20Card&clickHeader_productId=6054&name=discover-it-secured&trk_channel=web&trk_element=button&trk_location=MarketplaceApplyNow&trk_nldt=Decide&trk_pagetype=review&trk_sectionCategory=MarketplaceProductCard__cta&trk_topic=undefined&trk_vertical=Credit%20Cards&finish_type=external_application&has_prequalified=false&impression_id=&link_type=APPLY_NOW_BUTTON&monetizable=&page_number=&product_display_driver=&product_position=1&section_name=&section_position=&header_pageViewId=3c4d5454-7d79-4f40-b385-1ca10278cc80&clickHeader_productSlug=discover-it-secured&clickHeader_productLocation=MarketplaceProductCard&clickHeader_productInstance=unknown&clickHeader_linkType=APPLY_NOW_BUTTON&clickHeader_productPosition=1&clickHeader_sectionPosition=&clickHeader_offerVersionId=174531&clickHeader_pageNumber=&clickHeader_impressionId=e8f4e31b-0489-473d-9867-1e41114cf60e&pos=1,https://www.nerdwallet.com/reviews/credit-cards/discover-it-secured,0.0,//www.nerdwallet.com/c1/images/6054_577ad6345f776b34f94390221f70f0a9_140x225_L.jpg,Discover-it-Secured
OpenSky® Secured Visa® Credit Card,0.0,0.0,0.0,0.0,0.0,0.0,FALSE,FALSE,300,35.0,Visa,https://www.nerdwallet.com/redirect/credit-cards/1803?clickHeader_category=Credit%20Card&clickHeader_productId=1803&name=Open-Sky-Secured-Visa&trk_channel=web&trk_element=button&trk_location=MarketplaceApplyNow&trk_nldt=Decide&trk_pagetype=review&trk_sectionCategory=MarketplaceProductCard__cta&trk_topic=Credit%20Cards%20for%20Bad%20Credit&trk_vertical=Credit%20Cards&finish_type=external_application&has_prequalified=false&impression_id=&link_type=APPLY_NOW_BUTTON&monetizable=&page_number=&product_display_driver=&product_position=1&section_name=&section_position=&header_pageViewId=3ddbd852-ad45-45d3-b185-553a4461eeb3&clickHeader_productSlug=Open-Sky-Secured-Visa&clickHeader_productLocation=MarketplaceProductCard&clickHeader_productInstance=unknown&clickHeader_linkType=APPLY_NOW_BUTTON&clickHeader_productPosition=1&clickHeader_sectionPosition=&clickHeader_offerVersionId=174740&clickHeader_pageNumber=&clickHeader_impressionId=544e9df7-6c38-4192-b274-f58caf069038&pos=1,https://www.nerdwallet.com/reviews/credit-cards/opensky-secured,0.0,//www.nerdwallet.com/c1/images/1803_8621e62568254bb5238530a1bc8eff40_141x225_L.jpg,OpenSky-Secured-Visa-Credit-Card
Amazon Prime Rewards Visa Signature Card,1.0,1.0,1.0,1.0,2.0,5.0,FALSE,FALSE,690,0.0,Visa,,https://www.nerdwallet.com/reviews/credit-cards/amazon-prime-rewards,0.0,//www.nerdwallet.com/c1/images/65562_b62b17d179fab4040c7b94e9ce4ec811_144x225_L.jpg,Amazon-Prime-Rewards-Visa-Signature-Card
Costco Anywhere Visa® Card by Citi,3.0,3.0,1.0,4.0,3.0,1.0,FALSE,FALSE,720,0.0,Visa,https://www.nerdwallet.com/redirect/credit-cards/4227?clickHeader_category=Credit%20Card&clickHeader_productId=4227&name=CitiBank-Costco-Anywhere&trk_channel=web&trk_element=button&trk_location=MarketplaceApplyNow&trk_nldt=Decide&trk_pagetype=review&trk_sectionCategory=MarketplaceProductCard__cta&trk_topic=Cash%20Back%20Credit%20Cards&trk_vertical=Credit%20Cards&finish_type=external_application&has_prequalified=false&impression_id=&link_type=APPLY_NOW_BUTTON&monetizable=&page_number=&product_display_driver=&product_position=1&section_name=&section_position=&header_pageViewId=c2ad4cc9-2fa0-4fb1-a926-f28fdf054556&clickHeader_productSlug=CitiBank-Costco-Anywhere&clickHeader_productLocation=MarketplaceProductCard&clickHeader_productInstance=unknown&clickHeader_linkType=APPLY_NOW_BUTTON&clickHeader_productPosition=1&clickHeader_sectionPosition=&clickHeader_offerVersionId=172356&clickHeader_pageNumber=&clickHeader_impressionId=ec27e4ee-f285-4563-aab9-2243f38fb6d6&pos=1,https://www.nerdwallet.com/reviews/credit-cards/costco-anywhere-visa,0.0,//www.nerdwallet.com/c1/images/4227_8ec21fa8788adc23c447d0607c7006a4_142x225_L.jpg,Costco-Anywhere-Visa-Card-by-Citi
Lowe's Advantage Card,0.0,0.0,0.0,0.0,0.0,0.0,FALSE,FALSE,690,0.0,Unknown,,https://www.nerdwallet.com/reviews/credit-cards/lowes-advantage,0.0,//www.nerdwallet.com/c1/images/65575_9ef1d5d80b65705dfc9ceadd6ff4561d_142x225_L.jpg,Lowe's-Advantage-Card
Sam's Club® Mastercard®,3.0,3.0,1.0,5.0,3.0,1.0,FALSE,FALSE,690,0.0,MasterCard,,https://www.nerdwallet.com/reviews/credit-cards/sams-club,0.0,//www.nerdwallet.com/c1/images/64100_34d319c16fd5b13346c7d0fb857121f2_141x225_L.jpg,Sam's-Club-Mastercard
Starbucks® Rewards Visa® Card,1.0,1.0,1.0,1.0,1.0,2.0,FALSE,FALSE,690,49.0,Visa,,https://www.nerdwallet.com/reviews/credit-cards/starbucks-rewards,0.0,//www.nerdwallet.com/c1/images/65574_4acab30316d524693c2939dde68637f5_142x225_L.jpg,Starbucks-Rewards-Visa-Card
Target REDcard™ Credit Card,1.0,1.0,1.0,1.0,1.0,5.0,FALSE,FALSE,690,0.0,Unknown,,https://www.nerdwallet.com/reviews/credit-cards/target-redcard,0.0,//www.nerdwallet.com/c1/images/65566_25d22d66ecc7bf1b6ed28438ba9e235c_141x225_L.jpg,Target-REDcard-Credit-Card
Uber Credit Card,1.0,1.0,1.0,1.0,3.0,1.0,FALSE,FALSE,690,0.0,Unknown,,https://www.nerdwallet.com/reviews/credit-cards/uber-card,0.0,//www.nerdwallet.com/c1/images/65561_8e6bd02b9e2b96a2048fec4f0bedeabd_153x225_L.jpg,Uber-Credit-Card
Capital One® Walmart Rewards™ Mastercard®,2.0,2.0,1.0,1.0,2.0,1.0,FALSE,FALSE,630,0.0,MasterCard,,https://www.nerdwallet.com/reviews/credit-cards/walmart-credit-card,0.0,//cdn.nerdwallet.com/img/cc/CC_placeholder.svg,Capital-One-Walmart-Rewards-Mastercard
ABOC Platinum Rewards Mastercard® Credit Card,1.0,1.0,1.0,1.0,1.0,1.0,FALSE,TRUE,720,0.0,MasterCard,https://www.nerdwallet.com/redirect/credit-cards/65383?clickHeader_category=Credit%20Card&clickHeader_productId=65383&name=Amalgamated-Bank-of-Chicago-Platinum-Rewards&trk_channel=web&trk_element=button&trk_location=MarketplaceApplyNow&trk_nldt=Decide&trk_pagetype=review&trk_sectionCategory=MarketplaceProductCard__cta&trk_topic=Rewards%20Credit%20Cards&trk_vertical=Credit%20Cards&finish_type=external_application&has_prequalified=false&impression_id=&link_type=APPLY_NOW_BUTTON&monetizable=&page_number=&product_display_driver=&product_position=1&section_name=&section_position=&header_pageViewId=2fd99764-e3a1-48aa-962a-fef5cfe28699&clickHeader_productSlug=Amalgamated-Bank-of-Chicago-Platinum-Rewards&clickHeader_productLocation=MarketplaceProductCard&clickHeader_productInstance=unknown&clickHeader_linkType=APPLY_NOW_BUTTON&clickHeader_productPosition=1&clickHeader_sectionPosition=&clickHeader_offerVersionId=173122&clickHeader_pageNumber=&clickHeader_impressionId=04e44da4-8234-4b98-a40a-a38c7b7b8a3c&pos=1,https://www.nerdwallet.com/reviews/credit-cards/aboc-platinum-rewards,0.0,//www.nerdwallet.com/c1/images/65383_b2e753ce190b89b96a92423528d92372_141x225_L.jpg,ABOC-Platinum-Rewards-Mastercard-Credit-Card
AvantCard Credit Card,0.0,0.0,0.0,0.0,0.0,0.0,FALSE,FALSE,630,39.0,Unknown,https://www.nerdwallet.com/redirect/credit-cards/65541?clickHeader_category=Credit%20Card&clickHeader_productId=65541&name=Avant-AvantCard&trk_channel=web&trk_element=button&trk_location=MarketplaceApplyNow&trk_nldt=Learn-Decide&trk_pagetype=review&trk_sectionCategory=MarketplaceProductCard__cta&trk_topic=Credit%20Cards%20for%20Average%20or%20Fair%20Credit&trk_vertical=Credit%20Cards&finish_type=external_application&has_prequalified=false&impression_id=&link_type=APPLY_NOW_BUTTON&monetizable=&page_number=&product_display_driver=&product_position=1&section_name=&section_position=&header_pageViewId=c631e503-bca6-445e-8ae8-760d500c9603&clickHeader_productSlug=Avant-AvantCard&clickHeader_productLocation=MarketplaceProductCard&clickHeader_productInstance=unknown&clickHeader_linkType=APPLY_NOW_BUTTON&clickHeader_productPosition=1&clickHeader_sectionPosition=&clickHeader_offerVersionId=169209&clickHeader_pageNumber=&clickHeader_impressionId=7ecb9acc-0fc8-4dad-a516-620b8fe69d9c&pos=1,https://www.nerdwallet.com/reviews/credit-cards/avantcard,0.0,//www.nerdwallet.com/c1/images/65541_7caa580f5002b20ef0d76e3cef5567de_141x225_L.jpg,AvantCard-Credit-Card
Capital One® Platinum Credit Card,0.0,0.0,0.0,0.0,0.0,0.0,FALSE,FALSE,630,0.0,Unknown,,https://www.nerdwallet.com/reviews/credit-cards/capital-one-platinum,0.0,//cdn.nerdwallet.com/img/cc/CC_placeholder.svg,Capital-One-Platinum-Credit-Card
Capital One® QuicksilverOne® Cash Rewards Credit Card,1.5,1.5,1.5,1.5,1.5,1.5,FALSE,TRUE,630,39.0,Unknown,,https://www.nerdwallet.com/reviews/credit-cards/capital-one-quicksilverone,0.0,//cdn.nerdwallet.com/img/cc/CC_placeholder.svg,Capital-One-QuicksilverOne-Cash-Rewards-Credit-Card
Deserve® Pro Mastercard,3.0,3.0,1.0,1.0,2.0,1.0,FALSE,FALSE,690,0.0,MasterCard,,https://www.nerdwallet.com/reviews/credit-cards/deserve-pro,0.0,//cdn.nerdwallet.com/img/cc/CC_placeholder.svg,Deserve-Pro-Mastercard
Petal® Visa® Credit Card,0.0,0.0,0.0,0.0,0.0,0.0,FALSE,FALSE,630,0.0,Visa,https://www.nerdwallet.com/redirect/credit-cards/65548?clickHeader_category=Credit%20Card&clickHeader_productId=65548&name=Petal-Credit-Card&trk_channel=web&trk_element=button&trk_location=MarketplaceApplyNow&trk_nldt=Learn-Decide&trk_pagetype=review&trk_sectionCategory=MarketplaceProductCard__cta&trk_topic=Low%20Interest%20and%20No%20Fee%20Credit%20Cards&trk_vertical=Credit%20Cards&finish_type=external_application&has_prequalified=false&impression_id=&link_type=APPLY_NOW_BUTTON&monetizable=&page_number=&product_display_driver=&product_position=1&section_name=&section_position=&header_pageViewId=267cdef0-9518-4f0e-96a6-d80334ba1e08&clickHeader_productSlug=Petal-Credit-Card&clickHeader_productLocation=MarketplaceProductCard&clickHeader_productInstance=unknown&clickHeader_linkType=APPLY_NOW_BUTTON&clickHeader_productPosition=1&clickHeader_sectionPosition=&clickHeader_offerVersionId=174585&clickHeader_pageNumber=&clickHeader_impressionId=b2ac2c43-3674-4390-8a32-bd0f1fdf4a54&pos=1,https://www.nerdwallet.com/reviews/credit-cards/petal-visa,0.0,//www.nerdwallet.com/c1/images/65548_f996df5fba3403ac6d874bca6c8c3b05_142x225_L.jpg,Petal-Visa-Credit-Card