,flights,hotel,grocery,gas,dining,other,flat_cash_back,rotating,name,req_credit,application_link,card_type,annual_fee
0,1.0,1.0,5.0,5.0,1.0,5.0,False,True,ABOC Platinum Rewards Mastercard® Credit Card,Excellent,https://clicks.surehits.com/ListingDisplay/Click/?I=ZTg4NTRjOTQtZTE5Yy00NDc5LWI3OTAtZGZjZGU5OTk5NTY5&U=aHR0cHM6Ly9jdC5idXlyaWdodC5jb20vcmQvci5waHA%2fc2lkPTQ1JnB1Yj02NTAxNjEmYzE9Q1ImYzI9JGNsaWNra2V5JCZjMz0%3d&SI=NzRhZTBlNWYtZDRmNC00NTQ4LWE3NGItYjAzMjVlNjIyNmY1&SDT=NjM3MzA5NDMyNTMwNTA5OTgx&T=MQ%3d%3d&BM=MQ%3d%3d&ZZ=1595346453,MasterCard,35.0
1,1.0,1.0,1.0,1.0,1.0,1.0,False,False,Aer Lingus Visa Signature® Card,Good/Excellent,https://clicks.surehits.com/ListingDisplay/Click/?I=NTE0MzE1YjEtNGRmMy00MDc4LThlYzUtYTAwNWExZTBkNjRj&U=aHR0cHM6Ly9jbGljay5saW5rc3luZXJneS5jb20vbGluaz9pZD1LQjRxb1NUS2tDOCZvZmZlcmlkPTc5MjkyMi4zMTUwMSZ0eXBlPTE1Jm11cmw9aHR0cHMlM2ElMmYlMmZjcmVkaXRjYXJkcy5jaGFzZS5jb20lMmZ0cmF2ZWwtY3JlZGl0LWNhcmRzJTJmYXZpb3MlMmZhZXItbGluZ3VzJTNmQ0VMTCUzZDZIOFgmdTE9JGNsaWNra2V5JA%3d%3d&SI=ZWIxYmQyODctOWQzMy00YWVkLThhZGQtNzlmNzkxOWJkMTgz&SDT=NjM3MzA5NDMyNTQxMjAyNTk1&T=MQ%3d%3d&BM=MQ%3d%3d&ZZ=1595346454,Visa,0.0
2,2.0,1.0,2.0,1.0,1.0,1.0,False,False,American Airlines AAdvantage MileUp℠ Card,Excellent,https://clicks.surehits.com/ListingDisplay/Click/?I=ZGFmMGVmZDAtMTIwMy00N2NiLThiNDMtYmQzOTA5MWZkMzI0&U=aHR0cHM6Ly9jbGljay5saW5rc3luZXJneS5jb20vZnMtYmluL2NsaWNrP2lkPWVsQ3lhRFlLb3p3Jm9mZmVyaWQ9NzgyMjQwLjEzODQmdHlwZT0zJnN1YmlkPTAmdTE9JGNsaWNra2V5JA%3d%3d&SI=ZDBhYTgwZGQtYzY0OS00ZWM2LWJmZDItNDQxZTUyM2M3YjU5&SDT=NjM3MzA5NDMyNTQ0ODUzOTk1&T=MQ%3d%3d&BM=MQ%3d%3d&ZZ=1595346454,Unknown,0.0
3,1.0,1.0,2.0,2.0,1.0,1.0,False,False,AAA® Member Rewards Visa Signature® Card,,,Visa,0.0
4,0.0,0.0,0.0,0.0,0.0,0.0,False,False,AACS,,,Unknown,0.0
5,1.0,1.0,1.0,3.0,1.0,1.0,False,False,AARP® Credit Card from Chase,,,Unknown,0.0
6,0.0,0.0,0.0,0.0,0.0,0.0,,False,"AEO, Inc. Credit Card",,,Unknown,0.0
7,0.0,0.0,0.0,0.0,0.0,0.0,,False,"AEO, Inc. Visa® Card",,,Visa,0.0
8,0.0,0.0,0.0,0.0,0.0,0.0,,False,Abercrombie & Fitch Credit Card,,,Unknown,0.0
9,0.0,0.0,0.0,0.0,0.0,0.0,False,False,Agriculture Federal Credit Union Secured Visa® Classic,,,Visa,0.0
10,0.0,0.0,0.0,0.0,0.0,0.0,False,False,Agriculture Federal Credit Union Visa® Classic,,,Visa,0.0
11,0.0,0.0,0.0,0.0,0.0,0.0,False,False,Agriculture Federal Credit Union Visa® Platinum (no Rebate),,,Visa,0.0
12,1.0,1.0,0.5,2.2,1.0,0.5,False,False,Agriculture Federal Credit Union Visa® Platinum (with Rebates),,,Visa,0.0
13,0.0,0.0,0.0,0.0,0.0,0.0,False,False,Air Force Federal Credit Union Visa® Platinum Card,,,Visa,0.0
14,0.0,0.0,0.0,0.0,0.0,0.0,False,False,Allegiant World Mastercard®,,,MasterCard,0.0
15,1.0,1.0,2.0,2.0,1.0,2.0,False,False,AmTrust Bank 2% Cash Back Visa® Card,,,Visa,0.0
16,0.0,0.0,0.0,0.0,0.0,0.0,False,False,AmTrust Bank Platinum Edition® Visa® Card,,,Visa,0.0
17,0.0,0.0,0.0,0.0,0.0,0.0,,False,Amalgamated Bank MasterCard Gold Plus,,,MasterCard,45.0
18,0.0,0.0,0.0,0.0,0.0,0.0,,False,Amalgamated Bank MasterCard Gold Secured,,,MasterCard,50.0
19,0.0,0.0,0.0,0.0,0.0,0.0,,False,Amalgamated Bank MasterCard Standard Plus,,,MasterCard,37.0
20,0.0,0.0,0.0,0.0,0.0,0.0,,False,Amalgamated Bank MasterCard Standard Secured,,,MasterCard,50.0
21,0.0,0.0,0.0,0.0,0.0,0.0,,False,Amalgamated Bank MasterCard Union Card,,,MasterCard,0.0
22,0.0,0.0,0.0,0.0,0.0,0.0,,False,Amalgamated Bank MasterCard Union Plus,,,MasterCard,35.0
23,1.0,1.0,1.0,2.0,1.0,1.0,False,False,Amazon Prime Rewards Visa Signature Card,,,Visa,1.0
24,1.0,1.0,1.0,2.0,1.0,1.0,False,False,Amazon Rewards Visa® Signature Card,,,Visa,0.0
25,0.0,0.0,0.0,0.0,0.0,0.0,False,False,America's First FCU VISA® Indie,,,Visa,0.0
26,0.0,0.0,0.0,0.0,0.0,0.0,False,False,America's First FCU Visa® Platinum,,,Visa,0.0
27,1.0,1.0,1.0,1.0,1.0,1.0,False,False,America's First FCU Visa® Platinum Plus,,,Visa,0.0
28,0.0,0.0,0.0,0.0,0.0,0.0,,False,America's First FCU Visa® Platinum Pro,,,Visa,0.0
29,0.0,0.0,0.0,0.0,0.0,0.0,False,False,America's First FCU Visa® Secured,,,Visa,0.0
30,0.0,0.0,0.0,0.0,0.0,0.0,False,False,American Airlines AAdvantage® Aviator® Business Mastercard®,,,MasterCard,0.0
31,0.0,0.0,0.0,0.0,0.0,0.0,False,False,American Airlines AAdvantage® Aviator® Red World Elite Mastercard®,,,MasterCard,0.0
32,0.0,0.0,0.0,0.0,0.0,0.0,,False,Unknown,,,Unknown,0.0
33,0.0,0.0,0.0,0.0,0.0,0.0,,False,Unknown,,,Unknown,0.0
34,0.0,0.0,0.0,0.0,0.0,0.0,False,False,American Savings Bank Business Edition® Secured Visa® Card,,,Visa,0.0
35,0.0,0.0,0.0,0.0,0.0,0.0,False,False,American Savings Bank Business Edition® Visa® Card,,,Visa,0.0
36,1.5,1.5,1.5,1.5,1.5,1.5,True,False,American Savings Bank Business Edition® Visa® Card with Reward Simplicity,,,Visa,0.0
37,1.5,1.5,1.5,1.5,1.5,1.5,True,False,American Savings Bank Maximum Rewards® Visa® Card,,,Visa,0.0
38,0.0,0.0,0.0,0.0,0.0,0.0,False,False,American Savings Bank Platinum Edition® Visa® Card,,,Visa,0.0
39,0.0,0.0,0.0,0.0,0.0,0.0,False,False,American Savings Bank Secured Visa® Card,,,Visa,0.0
40,0.0,0.0,0.0,0.0,0.0,0.0,False,False,Amtrak Guest Rewards® World MasterCard® Credit Card,,,MasterCard,0.0
41,0.0,0.0,0.0,0.0,0.0,0.0,False,False,Amtrust Bank Secured Visa® Card,,,Visa,0.0
42,0.0,0.0,0.0,0.0,0.0,0.0,,False,Animal Friends Visa® Card,,,Visa,0.0
43,0.0,0.0,0.0,0.0,0.0,0.0,,False,Ann Taylor Card,,,Unknown,0.0
44,0.0,0.0,0.0,0.0,0.0,0.0,,False,Ann Taylor MasterCard,,,MasterCard,0.0
45,1.0,1.0,1.0,2.0,1.0,1.0,False,False,Anvil Brand Visa® Credit Card,,,Visa,0.0
46,0.0,0.0,0.0,0.0,0.0,0.0,False,False,Applied Bank® Secured Visa® Gold Preferred® Credit Card,,,Visa,0.0
47,1.0,1.0,1.0,2.0,1.0,1.0,False,False,Arbor Day Foundation Rewards Visa® Card,,,Visa,0.0
48,1.0,1.0,1.0,1.0,1.0,1.0,False,False,Arizona Cardinals NFL Extra Points Visa Signature Card,,,Visa,0.0
49,0.0,0.0,0.0,0.0,0.0,0.0,,False,Arizona Diamondbacks® BankAmericard Cash Rewards™ MasterCard®,,,MasterCard,0.0
50,0.0,0.0,0.0,0.0,0.0,0.0,False,False,Armed Forces Bank Credit Builder Secured Visa® Credit Card,,,Visa,0.0
51,0.0,0.0,0.0,0.0,0.0,0.0,False,False,Armed Forces Bank Visa® Credit Card,,,Visa,0.0
52,1.0,1.0,1.0,1.0,1.0,1.0,False,False,Arvest Corporate Visa® Card,,,Visa,0.0
53,1.0,1.0,1.0,1.0,1.0,1.0,False,False,Arvest Elite Purchasing Visa® Card,,,Visa,0.0
54,1.0,1.0,1.0,1.0,1.0,1.0,False,False,Arvest Visa® Classic,,,Visa,0.0
55,1.0,1.0,1.0,1.0,1.0,1.0,False,False,Arvest Visa® Gold Card,,,Visa,0.0
56,1.0,1.0,1.0,1.0,1.0,1.0,False,False,Arvest Visa® Platinum Card,,,Visa,0.0
57,0.0,0.0,0.0,0.0,0.0,0.0,,False,Ashley Stewart Credit Card,,,Unknown,0.0
58,1.0,1.0,2.0,1.0,1.0,1.0,False,False,Associated Bank American Express® Cash Rewards Card,,,American Express,0.0
59,1.0,1.0,1.0,2.0,1.0,1.0,False,False,Associated Bank American Express® Premier Rewards Card,,,American Express,0.0
60,1.0,1.0,1.0,2.0,1.0,1.0,False,False,Associated Bank Visa® Business Cash Card,,,Visa,0.0
61,1.5,1.5,1.5,1.5,1.5,1.5,True,False,Associated Bank Visa® Business Real Rewards Card,,,Visa,0.0
62,1.5,1.5,1.5,1.5,1.5,1.5,True,False,Associated Bank Visa® Business Rewards PLUS Card,,,Visa,0.0
63,0.0,0.0,0.0,0.0,0.0,0.0,False,False,Associated Bank Visa® Platinum Card,,,Visa,0.0
64,0.0,0.0,0.0,0.0,0.0,0.0,False,False,Associated Bank Visa® Secured Card,,,Visa,0.0
65,0.0,0.0,0.0,0.0,0.0,0.0,,False,Associated Bank Visa® Signature Real Rewards Card,,,Visa,0.0
66,0.0,0.0,0.0,0.0,0.0,0.0,,False,Atlanta Braves® BankAmericard Cash Rewards™ MasterCard®,,,MasterCard,0.0
67,1.0,1.0,1.0,1.0,1.0,1.0,False,False,Atlanta Falcons NFL Extra Points Visa Signature Card,,,Visa,0.0
68,0.0,0.0,0.0,0.0,0.0,0.0,,False,British Airways Visa Signature® Card,"Excellent, Good",https://clicks.surehits.com/ListingDisplay/Click/?I=ODkyOWIzMWMtZGY5My00NDgyLTkzZmItY2JjNTU4NGEzN2Y4&U=aHR0cHM6Ly9jbGljay5saW5rc3luZXJneS5jb20vbGluaz9pZD1LQjRxb1NUS2tDOCZvZmZlcmlkPTc1NzgxOC4zMTQ1OSZ0eXBlPTE1Jm11cmw9aHR0cHMlM2ElMmYlMmZjcmVkaXRjYXJkcy5jaGFzZS5jb20lMmZhMSUyZmJyaXRpc2hhaXJ3YXlzJTJmbmFlcCUyZjEwMEtOJTNmQ0VMTCUzZDZIOFgmdTE9JGNsaWNra2V5JA%3d%3d&SI=Mjc5NWEyYmMtNGM4Ny00OWQxLWEwY2UtOWM0ZWRjNzQ5ZDU3&SDT=NjM3MzA5NDMyOTAyMjAwNjQx&T=MQ%3d%3d&BM=MQ%3d%3d&ZZ=1595346490,Visa,30.0
69,1.0,1.0,1.0,2.0,1.0,1.0,False,False,BAMSL Visa Signature® Rewards Card,,,Visa,0.0
70,0.0,0.0,0.0,0.0,0.0,0.0,False,False,BB&T Bright Card,,,Unknown,0.0
71,0.0,0.0,0.0,0.0,0.0,0.0,False,False,BB&T Bright Low APR Secured Credit Card,,,Unknown,0.0
72,0.0,0.0,0.0,0.0,0.0,0.0,False,False,BB&T Bright for Business Credit Card,,,Unknown,0.0
73,1.0,1.0,2.0,3.0,1.0,2.0,False,False,BB&T Cash Rewards Secured Credit Card,,,Unknown,0.0
74,1.0,1.0,2.0,3.0,1.0,2.0,False,False,BB&T Spectrum Cash Rewards Card,,,Unknown,0.0
75,1.0,1.0,1.0,3.0,1.0,2.0,False,False,BB&T Spectrum Cash Rewards for Business Credit Card,,,Unknown,0.0
76,0.0,0.0,0.0,0.0,0.0,0.0,False,False,BB&T Spectrum Travel Rewards Credit Card,,,Unknown,0.0
77,0.0,0.0,0.0,0.0,0.0,0.0,False,False,BB&T Spectrum Travel Rewards for Business Credit Card,,,Unknown,0.0
78,0.0,0.0,0.0,0.0,0.0,0.0,False,False,BB&T Travel Rewards Secured Credit Card,,,Unknown,0.0
79,1.5,1.5,1.5,1.5,1.5,1.5,True,False,BB&T Vantage® Visa Signature® Credit Card,,,Visa,0.0
80,1.0,1.0,1.0,1.0,1.0,1.0,False,False,BBVA ClearPoints Credit Card,,,Unknown,0.0
81,0.0,0.0,0.0,0.0,0.0,0.0,False,False,BBVA Optimizer Credit Card®,,,Unknown,0.0
82,0.0,0.0,0.0,0.0,0.0,0.0,False,False,BBVA Rewards Card,,,Unknown,0.0
83,1.0,1.0,1.0,2.0,1.0,1.0,False,False,BBVA Secured Visa® Business Credit Card,,,Visa,0.0
84,0.0,0.0,0.0,0.0,0.0,0.0,False,False,BBVA Select℠ Credit Card,,,Unknown,0.0
85,0.0,0.0,0.0,0.0,0.0,0.0,False,False,BBVA Visa® Business Rewards Credit Card,,,Visa,0.0
86,0.0,0.0,0.0,0.0,0.0,0.0,False,False,BMO Harris Bank Business Platinum Mastercard® Credit Card,,,MasterCard,0.0
87,1.0,1.0,1.0,1.0,1.0,1.0,False,False,BMO Harris Bank Business Platinum Rewards Mastercard® Credit Card,,,MasterCard,0.0
88,1.0,1.0,2.0,2.0,1.0,1.0,False,False,BMO Harris Bank Cash Back Mastercard®,,,MasterCard,0.0
89,1.0,1.0,2.0,2.0,1.0,1.0,False,False,BMO Harris Bank Platinum Rewards Mastercard®,,,MasterCard,0.0
90,1.0,1.0,1.0,1.0,1.0,1.0,False,False,BMO Harris Bank Premium Rewards Mastercard®,,,MasterCard,0.0
91,0.0,0.0,0.0,0.0,0.0,0.0,False,False,BMW Card,,,Unknown,0.0
92,0.0,0.0,0.0,0.0,0.0,0.0,False,False,BMW Precisioin Card,,,Unknown,0.0
93,1.0,1.0,1.0,2.0,1.0,1.0,False,False,BTC Bank Visa® Credit Card,,,Visa,0.0
94,1.0,1.0,1.0,1.0,1.0,1.0,False,False,Ballston Spa National Bank Cash Rewards Platinum Card,,,Unknown,0.0
95,0.0,0.0,0.0,0.0,0.0,0.0,False,False,Ballston Spa National Bank Visa® Platinum Rewards Credit Card,,,Visa,0.0
96,1.0,1.0,1.0,1.0,1.0,1.0,False,False,Ballston Spa National Bank Visa® Small Business Cash Rewards Card,,,Visa,0.0
97,0.0,0.0,0.0,0.0,0.0,0.0,False,False,Ballston Spa National Bank Visa® Small Business Edition Card,,,Visa,0.0
98,0.0,0.0,0.0,0.0,0.0,0.0,False,False,Ballston Spa National Bank Visa® Small Business Rewards Card,,,Visa,0.0
99,0.0,0.0,0.0,0.0,0.0,0.0,,False,Baltimore Orioles® BankAmericard Cash Rewards MasterCard®,,,MasterCard,0.0
100,1.0,1.0,1.0,1.0,1.0,1.0,False,False,Baltimore Ravens NFL Extra Points Visa Signature Card,,,Visa,0.0
101,0.0,0.0,0.0,0.0,0.0,0.0,False,False,Banana Republic Credit Card,,,Unknown,0.0
102,0.0,0.0,0.0,0.0,0.0,0.0,False,False,Banana Republic Visa® Card,,,Visa,0.0
103,1.0,1.0,2.0,1.0,1.0,1.0,False,False,Bangor Savings Bank Cash Rewards American Express® Card,,,American Express,0.0
104,1.5,1.5,1.5,1.5,1.5,1.5,True,False,Bangor Savings Bank College Rewards Visa® Card,,,Visa,0.0
105,1.0,1.0,1.0,2.0,1.0,1.0,False,False,Bangor Savings Bank Premier Rewards American Express® Card,,,American Express,0.0
106,0.0,0.0,0.0,0.0,0.0,0.0,False,False,Bangor Savings Bank Secured Visa® Card,,,Visa,0.0
107,1.5,1.5,1.5,1.5,1.5,1.5,True,False,Bangor Savings Bank Visa Signature® Real Rewards Card,,,Visa,0.0
108,0.0,0.0,0.0,0.0,0.0,0.0,False,False,Bangor Savings Bank Visa® Business Card,,,Visa,0.0
109,1.0,1.0,1.0,2.0,1.0,1.0,False,False,Bangor Savings Bank Visa® Business Cash Card,,,Visa,0.0
110,1.5,1.5,1.5,1.5,1.5,1.5,True,False,Bangor Savings Bank Visa® Business Real Rewards Card,,,Visa,0.0
111,1.5,1.5,1.5,1.5,1.5,1.5,True,False,Bangor Savings Bank Visa® Business Rewards PLUS Card,,,Visa,0.0
112,0.0,0.0,0.0,0.0,0.0,0.0,False,False,Bangor Savings Bank Visa® Platinum Card,,,Visa,0.0
113,1.0,1.0,1.0,1.0,1.0,1.0,False,False,Bank of America® Cash Rewards for Students,,,Unknown,0.0
114,1.5,1.5,1.5,1.5,1.5,1.5,True,False,Bank of America® Travel Rewards Credit Card for Students,,,Unknown,0.0
115,1.0,1.0,2.0,1.0,1.0,1.0,False,False,Bank of Oklahoma Cash Rewards American Express® Card,,,American Express,0.0
116,1.0,1.0,1.0,2.0,1.0,1.0,False,False,Bank of Oklahoma Premier Rewards American Express® Card,,,American Express,0.0
117,0.0,0.0,0.0,0.0,0.0,0.0,False,False,Bank of Oklahoma Secured Visa®,,,Visa,0.0
118,1.5,1.5,1.5,1.5,1.5,1.5,True,False,Bank of Oklahoma Visa Real Rewards,,,Visa,0.0
119,0.0,0.0,0.0,0.0,0.0,0.0,False,False,Bank of Oklahoma Visa® Business Card,,,Visa,0.0
120,1.0,1.0,1.0,2.0,1.0,1.0,False,False,Bank of Oklahoma Visa® Business Cash Card,,,Visa,0.0
121,1.5,1.5,1.5,1.5,1.5,1.5,True,False,Bank of Oklahoma Visa® Business Real Rewards Card,,,Visa,0.0
122,1.5,1.5,1.5,1.5,1.5,1.5,True,False,Bank of Oklahoma Visa® Business Rewards Plus Card,,,Visa,0.0
123,1.5,1.5,1.5,1.5,1.5,1.5,True,False,Bank of Oklahoma Visa® College Real Rewards,,,Visa,0.0
124,0.0,0.0,0.0,0.0,0.0,0.0,False,False,Bank of Oklahoma Visa® Platinum Card,,,Visa,0.0
125,0.0,0.0,0.0,0.0,0.0,0.0,False,False,Bank of the West Business Mastercard®,,,MasterCard,0.0
126,0.0,0.0,0.0,0.0,0.0,0.0,False,False,Bank of the West Business Rewards Mastercard®,,,MasterCard,0.0
127,1.0,1.0,3.0,3.0,1.0,1.0,False,False,Bank of the West Cash Back World Credit Card,,,Unknown,0.0
128,0.0,0.0,0.0,0.0,0.0,0.0,False,False,Bank of the West Platinum Credit Card,,,Unknown,0.0
129,0.0,0.0,0.0,0.0,0.0,0.0,False,False,Bank of the West Secured Credit Card,,,Unknown,0.0
130,0.0,0.0,0.0,0.0,0.0,0.0,False,False,BankAmericard® Credit Card for Students,,,Unknown,0.0
131,0.0,0.0,0.0,0.0,0.0,0.0,False,False,Barclaycard Financing Visa® Card,,,Visa,0.0
132,0.0,0.0,0.0,0.0,0.0,0.0,,False,Barnes & Noble MasterCard®,,,MasterCard,0.0
133,0.0,0.0,0.0,0.0,0.0,0.0,,False,Bealls Florida Credit Card,,,Unknown,0.0
134,0.0,0.0,0.0,0.0,0.0,0.0,,False,Belk Rewards Card,,,Unknown,0.0
135,1.0,1.0,2.0,1.0,1.0,1.0,False,False,Berkshire Bank Cash Rewards American Express® Card,,,American Express,0.0
136,0.0,0.0,0.0,0.0,0.0,0.0,False,False,Berkshire Bank Premier Rewards American Express® Card,,,American Express,0.0
137,0.0,0.0,0.0,0.0,0.0,0.0,False,False,Berkshire Bank Secured Visa® Card,,,Visa,0.0
138,1.5,1.5,1.5,1.5,1.5,1.5,True,False,Berkshire Bank Visa Signature® College Real Rewards Card,,,Visa,0.0
139,1.5,1.5,1.5,1.5,1.5,1.5,True,False,Berkshire Bank Visa Signature® Real Rewards Card,,,Visa,0.0
140,0.0,0.0,0.0,0.0,0.0,0.0,False,False,Berkshire Bank Visa® Business Card,,,Visa,0.0
141,1.0,1.0,1.0,2.0,1.0,1.0,False,False,Berkshire Bank Visa® Business Cash Card,,,Visa,0.0
142,1.5,1.5,1.5,1.5,1.5,1.5,True,False,Berkshire Bank Visa® Business Real Rewards Card,,,Visa,0.0
143,1.5,1.5,1.5,1.5,1.5,1.5,True,False,Berkshire Bank Visa® Business Rewards PLUS Card,,,Visa,0.0
144,0.0,0.0,0.0,0.0,0.0,0.0,False,False,Berkshire Bank Visa® Platinum Card,,,Visa,0.0
145,0.0,0.0,0.0,0.0,0.0,0.0,False,False,Bethpage FCU MasterCard® Be You Rewards Credit Card,,,MasterCard,0.0
146,0.0,0.0,0.5,0.5,0.0,0.5,False,False,Bethpage FCU MasterCard® Cash Back Credit Card,,,MasterCard,0.0
147,0.0,0.0,0.0,0.0,0.0,0.0,False,False,Bethpage FCU MasterCard® Low Rate Credit Card,,,MasterCard,0.0
148,0.0,0.0,0.0,0.0,0.0,0.0,False,False,Bloomingdale's American Express® Card,,,American Express,0.0
149,0.0,0.0,0.0,0.0,0.0,0.0,,False,Bloomingdale's Credit Card,,,Unknown,0.0
150,0.0,0.0,0.0,0.0,0.0,0.0,,False,Boston Red Sox® BankAmericard Cash Rewards MasterCard®,,,MasterCard,0.0
151,1.0,1.0,2.0,3.0,1.0,1.0,False,False,Bremer Bank Cash Rewards American Express® Card,,,American Express,0.0
152,1.0,1.0,1.0,2.0,1.0,1.0,False,False,Bremer Bank Premier Rewards American Express® Card,,,American Express,0.0
153,1.0,1.0,1.0,2.0,1.0,1.0,False,False,Bremer Bank Visa® Business Cash Card,,,Visa,0.0
154,1.5,1.5,1.5,1.5,1.5,1.5,True,False,Bremer Bank Visa® Business Real Rewards Card,,,Visa,0.0
155,3.0,3.0,3.0,3.0,3.0,3.0,True,False,Bremer Bank Visa® Business Rewards PLUS Card,,,Visa,0.0
156,1.5,1.5,1.5,1.5,1.5,1.5,True,False,Bremer Bank Visa® College Rewards Card,,,Visa,0.0
157,0.0,0.0,0.0,0.0,0.0,0.0,False,False,Bremer Bank Visa® Platinum Card,,,Visa,0.0
158,1.5,1.5,1.5,1.5,1.5,1.5,True,False,Bremer Bank Visa® Real Rewards Card,,,Visa,0.0
159,0.0,0.0,0.0,0.0,0.0,0.0,False,False,Bremer Bank Visa® Secured Card,,,Visa,0.0
160,1.0,1.0,1.0,2.0,1.0,1.0,False,False,Bryant University Alumni Visa® Rewards Card,,,Visa,0.0
161,0.0,0.0,0.0,0.0,0.0,0.0,,False,BrylaneHome Credit Card,,,Unknown,0.0
162,1.0,1.0,1.0,1.0,1.0,1.0,False,False,Buffalo Bills NFL Extra Points Visa Signature Card,,,Visa,0.0
163,1.5,1.5,1.5,1.5,1.5,1.5,True,False,Chase Freedom Unlimited®,"Excellent, Good",https://clicks.surehits.com/ListingDisplay/Click/?I=ZmI5ZDg2NjktYWFiNC00YmNiLWFiYWUtZTM0ZjE4Y2RkMWU0&U=aHR0cHM6Ly9jbGljay5saW5rc3luZXJneS5jb20vbGluaz9pZD1LQjRxb1NUS2tDOCZvZmZlcmlkPTcyMjU2OC4zMTQ3MCZ0eXBlPTE1Jm11cmw9aHR0cHMlM2ElMmYlMmZjcmVkaXRjYXJkcy5jaGFzZS5jb20lMmZhMSUyZmZyZWVkb20tdW5saW1pdGVkJTJmYWZmaWxpYXRlc1QlM2ZDRUxMJTNkNkg4WCZ1MT0kY2xpY2trZXkk&SI=NjlkNzg2MjctMTAxMy00YzUzLWJiYjYtNzNmYzI4NzE0ZmIw&SDT=NjM3MzA5NDMzNDE0NzU5NjEz&T=MQ%3d%3d&BM=MQ%3d%3d&ZZ=1595346541,Unknown,0.0
164,3.0,3.0,1.0,1.0,3.0,1.0,False,False,Chase Sapphire Reserve®,Excellent,https://clicks.surehits.com/ListingDisplay/Click/?I=ZmJjMDhjMTItODc0YS00NDRmLThhZjQtZjY2MWNmMzBlMGZj&U=aHR0cHM6Ly9jbGljay5saW5rc3luZXJneS5jb20vbGluaz9pZD1LQjRxb1NUS2tDOCZvZmZlcmlkPTc1NzgxOC4zMTQ4NSZ0eXBlPTE1Jm11cmw9aHR0cHMlM2ElMmYlMmZjcmVkaXRjYXJkcy5jaGFzZS5jb20lMmZhMSUyZnNhcHBoaXJlJTJmZ29yZXNlcnZlJTNmQ0VMTCUzZDZIOFgmdTE9JGNsaWNra2V5JA%3d%3d&SI=MTA1NDYzYmUtM2M5My00ZDJmLTlmYTItZjdmNDdmM2Q0NjRk&SDT=NjM3MzA5NDMzNDE2MjU4NTk0&T=MQ%3d%3d&BM=MQ%3d%3d&ZZ=1595346542,Unknown,550.0
165,1.0,1.0,2.0,2.0,1.0,1.0,False,False,Citi Rewards+℠ Card,Excellent,https://clicks.surehits.com/ListingDisplay/Click/?I=NWQ5YjIyMzQtZTgxZS00M2JkLWFkYWUtNDU0ODQzMDg5Nzk5&U=aHR0cHM6Ly9jbGljay5saW5rc3luZXJneS5jb20vZnMtYmluL2NsaWNrP2lkPWVsQ3lhRFlLb3p3Jm9mZmVyaWQ9Nzg0MzcyLjEzNTgmdHlwZT0zJnN1YmlkPTAmdTE9JGNsaWNra2V5JA%3d%3d&SI=YTgwZWJlNDQtMWQ4Mi00YTBmLTkwYTEtYTMxMzUzNzg3MDhi&SDT=NjM3MzA5NDMzNDI2MTI1MzYy&T=MQ%3d%3d&BM=MQ%3d%3d&ZZ=1595346543,Unknown,0.0
166,0.0,0.0,0.0,0.0,0.0,0.0,,False,Citi® / AAdvantage® Executive World Elite™ Mastercard®,Excellent,https://clicks.surehits.com/ListingDisplay/Click/?I=YjdhYmFjNjItNjU2Mi00NzMzLTk2MzQtNjZiYTJmY2M0OWUx&U=aHR0cHM6Ly9jbGljay5saW5rc3luZXJneS5jb20vZnMtYmluL2NsaWNrP2lkPWVsQ3lhRFlLb3p3Jm9mZmVyaWQ9NzgyMjQwLjEzNzEmdHlwZT0zJnN1YmlkPTAmdTE9JGNsaWNra2V5JA%3d%3d&SI=ZDc3YmIxYTktMjUxMS00YTAzLTg1ZGMtM2RkMjAzNWE3NTky&SDT=NjM3MzA5NDMzNDI2OTQ0Mjk5&T=MQ%3d%3d&BM=MQ%3d%3d&ZZ=1595346543,MasterCard,625.0
167,2.0,1.0,1.0,2.0,2.0,1.0,False,False,Citi® / AAdvantage® Platinum Select® World Elite™ Mastercard®,Excellent,https://clicks.surehits.com/ListingDisplay/Click/?I=ZTYxZDg0NjctNWQ2ZC00YjVhLWFiZTYtY2NlOTJhMDQ4ZmY2&U=aHR0cHM6Ly9jbGljay5saW5rc3luZXJneS5jb20vZnMtYmluL2NsaWNrP2lkPWVsQ3lhRFlLb3p3Jm9mZmVyaWQ9NzkzMTkxLjE0ODAmdHlwZT0zJnN1YmlkPTAmdTE9JGNsaWNra2V5JA%3d%3d&SI=YWQyMGI3M2ItNWZjYi00NmMxLWIyNTUtZWQ3ZjFlNjlkYzgw&SDT=NjM3MzA5NDMzNDM3MDMwMTg1&T=MQ%3d%3d&BM=MQ%3d%3d&ZZ=1595346544,MasterCard,99.0
168,0.0,0.0,0.0,0.0,0.0,0.0,,False,Citi® Diamond Preferred®,Excellent,https://clicks.surehits.com/ListingDisplay/Click/?I=NzI0MjhlOTEtNjk4ZC00NDdkLTg5OTQtZDk3YTM0MWIzMTlj&U=aHR0cHM6Ly9jbGljay5saW5rc3luZXJneS5jb20vZnMtYmluL2NsaWNrP2lkPWVsQ3lhRFlLb3p3Jm9mZmVyaWQ9NzkzMTkxLjE0NjgmdHlwZT0zJnN1YmlkPTAmdTE9JGNsaWNra2V5JA%3d%3d&SI=NWNhZjg4M2EtMjY3Mi00OTFiLWEyOTktYjE0MDU2YmEzOGE1&SDT=NjM3MzA5NDMzNDM4NzY0OTg1&T=MQ%3d%3d&BM=MQ%3d%3d&ZZ=1595346544,Unknown,0.0
169,2.0,2.0,2.0,2.0,2.0,2.0,True,False,Citi® Double Cash Card,Excellent,https://clicks.surehits.com/ListingDisplay/Click/?I=ZGY4NzY4YmQtNmFiZS00MDkyLWIwMWMtNWE1MzRiN2Y1MWZh&U=aHR0cHM6Ly9jbGljay5saW5rc3luZXJneS5jb20vZnMtYmluL2NsaWNrP2lkPWVsQ3lhRFlLb3p3Jm9mZmVyaWQ9Nzg0MzcyLjE0MzQmdHlwZT0zJnN1YmlkPTAmdTE9JGNsaWNra2V5JA%3d%3d&SI=ZjNjZTM2MjQtNWRiMS00MGI2LWE2NGQtYzQzZjc0NjFmMDE4&SDT=NjM3MzA5NDMzNDQ2NjUwODc1&T=MQ%3d%3d&BM=MQ%3d%3d&ZZ=1595346545,Unknown,0.0
170,2.0,1.0,1.0,2.0,1.0,1.0,False,False,CitiBusiness® / AAdvantage® Platinum Select® Mastercard®,Excellent,https://clicks.surehits.com/ListingDisplay/Click/?I=MzAyNTc1YzgtZWJkMi00NWNhLWE0YzItM2Q4ODUzMDY5ZTIx&U=aHR0cHM6Ly9jbGljay5saW5rc3luZXJneS5jb20vZnMtYmluL2NsaWNrP2lkPWVsQ3lhRFlLb3p3Jm9mZmVyaWQ9NzkzMTkxLjE0NzAmdHlwZT0zJnN1YmlkPTAmdTE9JGNsaWNra2V5JA%3d%3d&SI=NzIyZjNlMTEtMDI2ZC00NmFhLWEwNmEtOTY4ZTlhMzI1YjUw&SDT=NjM3MzA5NDMzNDUzMDQ3NzMz&T=MQ%3d%3d&BM=MQ%3d%3d&ZZ=1595346545,MasterCard,99.0
171,1.0,1.0,2.0,4.0,1.0,1.0,False,False,Costco Anywhere Visa® Card by Citi,Excellent,https://clicks.surehits.com/ListingDisplay/Click/?I=Mzc4NzViMGMtYjI1MC00YmU5LWFmZGUtMjQ2YjMwYmViMzc3&U=aHR0cHM6Ly9jbGljay5saW5rc3luZXJneS5jb20vZnMtYmluL2NsaWNrP2lkPWVsQ3lhRFlLb3p3Jm9mZmVyaWQ9NzgyMjQwLjE0MTEmdHlwZT0zJnN1YmlkPTAmdTE9JGNsaWNra2V5JA%3d%3d&SI=MzhjNjU2N2ItNDhhNS00YThiLWE2YTYtN2IwMmEzNjY2ODVi&SDT=NjM3MzA5NDMzNDY4MDIxODQ3&T=MQ%3d%3d&BM=MQ%3d%3d&ZZ=1595346547,Visa,0.0
172,1.0,1.0,1.0,1.0,1.0,1.0,False,False,Credit One Bank® Visa® Credit Card,Good Credit,https://clicks.surehits.com/ListingDisplay/Click/?I=NzhjODMzMTUtY2IxYi00YzQyLWI0ZjYtYmI1YTU2MzdhZGUw&U=aHR0cHM6Ly9jc3Ryay5uZXQ6NDQzL2Nsay5hc3B4P2w9MzM2OTkmYz0xNzQxNyZzMT0kY2xpY2trZXkk&SI=ZTY3ZGE0NjQtOGUzMy00Yjg0LWEzZTEtNzI4YmM2Mjc2Yjg5&SDT=NjM3MzA5NDMzNDc3MTE1ODYz&T=MQ%3d%3d&BM=MQ%3d%3d&ZZ=1595346548,Visa,0.0
173,1.0,1.0,1.0,2.0,1.0,1.0,False,False,CCSU Alumni Rewards Visa® Card,,,Visa,0.0
174,0.0,0.0,0.0,0.0,0.0,0.0,False,False,CFCU Business Visa,,,Visa,0.0
175,0.0,0.0,0.0,0.0,0.0,0.0,False,False,CFCU Classic Visa,,,Visa,0.0
176,0.0,0.0,0.0,0.0,0.0,0.0,False,False,CFCU Platinum Visa,,,Visa,0.0
177,0.0,0.0,0.0,0.0,0.0,0.0,False,False,CFCU Rewards Visa,,,Visa,0.0
178,0.0,0.0,0.0,0.0,0.0,0.0,False,False,CFCU Secured Classic Plus Visa,,,Visa,0.0
179,0.0,0.0,0.0,0.0,0.0,0.0,False,False,Cabela's Club Mastercard,Average,https://www.cardratings.com/details/credit-card/cabelas-club-mastercard-review,MasterCard,0.0
180,0.0,0.0,0.0,0.0,0.0,0.0,False,False,CarCareONE® Credit Card,,,Unknown,0.0
181,0.0,0.0,0.0,0.0,0.0,0.0,False,False,CareCredit® Credit Card,,,Unknown,0.0
182,0.0,0.0,0.0,0.0,0.0,0.0,False,False,Carnival® FunPoints World MasterCard®,,,MasterCard,0.0
183,1.0,1.0,1.0,1.0,1.0,1.0,False,False,Carolina Panthers NFL Extra Points Visa Signature Card,,,Visa,0.0
184,0.0,0.0,0.0,0.0,0.0,0.0,,False,Catherines Credit Card,,,Unknown,0.0
185,0.0,0.0,0.0,0.0,0.0,0.0,False,False,Celebrity Cruises® Visa Signature® Credit Card,,,Visa,0.0
186,1.5,1.5,1.5,1.5,1.5,1.5,True,False,Chemical Bank Maximum Rewards® Card,,,Unknown,0.0
187,0.0,0.0,0.0,0.0,0.0,0.0,False,False,Chemical Bank Platinum Edition® Card,,,Unknown,0.0
188,0.0,0.0,0.0,0.0,0.0,0.0,False,False,Chemical Bank Secured Visa,,,Visa,0.0
189,0.0,0.0,0.0,0.0,0.0,0.0,False,False,Chevron and Texaco Techron Advantage™ Card,,,Unknown,0.0
190,0.0,0.0,0.0,0.0,0.0,0.0,False,False,Chevron and Texaco Techron Advantage™ Visa® Card,,,Visa,0.0
191,1.0,1.0,1.0,1.0,1.0,1.0,False,False,Chicago Bears NFL Extra Points Visa Signature Card,,,Visa,0.0
192,0.0,0.0,0.0,0.0,0.0,0.0,,False,Chicago Cubs® BankAmericard Cash Rewards MasterCard®,,,MasterCard,0.0
193,0.0,0.0,0.0,0.0,0.0,0.0,,False,Chicago White Sox® BankAmericard Cash Rewards MasterCard®,,,MasterCard,0.0
194,0.0,0.0,0.0,0.0,0.0,0.0,False,False,Choice Privileges® Visa Signature® Card,,,Visa,0.0
195,0.0,0.0,0.0,0.0,0.0,0.0,,False,Christopher & Banks Credit Card,,,Unknown,0.0
196,1.0,1.0,1.0,1.0,1.0,1.0,False,False,Cincinnati Bengals NFL Extra Points Visa Signature Card,,,Visa,0.0
197,1.0,1.0,1.0,1.0,1.0,1.0,False,False,Cincinnati Reds® BankAmericard Cash Rewards MasterCard®,,,MasterCard,0.0
198,0.0,0.0,0.0,0.0,0.0,0.0,False,False,Citizens Bank Business Platinum Mastercard®,,,MasterCard,0.0
199,1.0,1.0,1.8,1.8,1.0,1.8,False,False,Citizens Bank Cash Back Plus® World Mastercard®,,,MasterCard,0.0
200,0.0,0.0,0.0,0.0,0.0,0.0,False,False,Citizens Bank Clear Value® Mastercard®,,,MasterCard,0.0
201,0.0,0.0,0.0,0.0,0.0,0.0,False,False,City National Bank Crystal® Visa Infinite® Card with City National Rewards,,,Visa,0.0
202,1.5,1.5,1.5,1.5,1.5,1.5,True,False,City National Bank Visa Cash Back Signature Card,,,Visa,0.0
203,0.0,0.0,0.0,0.0,0.0,0.0,,False,City National Bank Visa Platinum Card with City National Rewards,,,Visa,0.0
204,0.0,0.0,0.0,0.0,0.0,0.0,,False,City National Bank Visa Signature® Card with City National Rewards,,,Visa,0.0
205,1.5,1.5,1.5,1.5,1.5,1.5,True,False,Clark Crown Endless Rewards MasterCard®,,,MasterCard,0.0
206,1.0,1.0,1.0,1.0,1.0,1.0,False,False,Cleveland Browns NFL Extra Points Visa Signature Card,,,Visa,0.0
207,0.0,0.0,0.0,0.0,0.0,0.0,,False,Cleveland Indians® BankAmericard Cash Rewards MasterCard®,,,MasterCard,0.0
208,0.0,0.0,0.0,0.0,0.0,0.0,,False,Colorado Rockies® BankAmericard Cash Rewards MasterCard®,,,MasterCard,0.0
209,1.0,1.0,2.0,3.0,1.0,1.0,False,False,Columbia Bank Cash Rewards American Express® Card,,,American Express,0.0
210,1.0,1.0,1.0,2.0,1.0,3.0,False,False,Columbia Bank Premier Rewards American Express® Card,,,American Express,0.0
211,1.5,1.5,1.5,1.5,1.5,1.5,True,False,Columbia Bank Visa Signature® Real Rewards Card,,,Visa,0.0
212,1.0,1.0,1.0,2.0,1.0,3.0,False,False,Columbia Bank Visa® Business Cash Card,,,Visa,0.0
213,1.5,1.5,1.5,1.5,1.5,1.5,True,False,Columbia Bank Visa® Business Real Rewards Card,,,Visa,0.0
214,3.0,3.0,3.0,3.0,3.0,3.0,True,False,Columbia Bank Visa® Business Rewards PLUS Card,,,Visa,0.0
215,1.5,1.5,1.5,1.5,1.5,1.5,True,False,Columbia Bank Visa® College Real Rewards,,,Visa,0.0
216,0.0,0.0,0.0,0.0,0.0,0.0,False,False,Columbia Bank Visa® Platinum Card,,,Visa,0.0
217,0.0,0.0,0.0,0.0,0.0,0.0,False,False,Columbia Bank Visa® Secured Card,,,Visa,0.0
218,0.0,0.0,0.0,0.0,0.0,0.0,False,False,Commerce Bank Secured Visa® Credit Card,,,Visa,0.0
219,1.0,1.0,1.0,2.0,1.0,1.0,False,False,Commerce Bank Special Connections® MasterCard® with Rewards,,,MasterCard,0.0
220,1.0,1.0,1.0,2.0,1.0,1.0,False,False,Commerce Bank Special Connections® Visa® with Rewards,,,Visa,0.0
221,1.5,1.5,1.5,1.5,1.5,1.5,True,False,Commerce Bank World Elite MasterCard®,,,MasterCard,0.0
222,1.0,1.0,1.0,2.0,1.0,1.0,False,False,Commerce Bank toggle® Visa® Signature,,,Visa,0.0
223,0.0,0.0,0.0,0.0,0.0,0.0,False,False,Crutchfield® Sony Financial Services Card,,,Unknown,0.0
224,0.0,0.0,0.0,0.0,0.0,0.0,,False,Deserve Edu,"Good, Limited History, No Credit History",https://clicks.surehits.com/ListingDisplay/Click/?I=MjZiOWFkNTktYTlhYS00MmQzLTllMzktMDU5MzMxMGViOTM1&U=aHR0cHM6Ly90by5kZXNlcnZlLmNvbS9hZmZfYz9vZmZlcl9pZD0yMyZhZmZfaWQ9MTIwMSZhZmZfc3ViNT1BUC1RdWluU3RyZWV0X0VEVS0wMDEmY29udGVudD1BUC1RdWluU3RyZWV0X0VEVS0wMDEmYWZmX3N1Yj0kY2xpY2trZXkk&SI=NDQ0MzUzMDEtZDE1Zi00MzgxLTk2YzAtNTY5MjEwNGRjYzZi&SDT=NjM3MzA5NDMzNzUxNjQ2MzM2&T=MQ%3d%3d&BM=MQ%3d%3d&ZZ=1595346575,Unknown,0.0
225,0.0,0.0,0.0,0.0,0.0,0.0,False,False,DCU Visa® Platinum Credit Card,,,Visa,0.0
226,0.0,0.0,0.0,0.0,0.0,0.0,False,False,DCU Visa® Platinum Rewards Credit Card,,,Visa,0.0
227,0.0,0.0,0.0,0.0,0.0,0.0,False,False,DCU Visa® Platinum Secured Credit Card,,,Visa,0.0
228,1.0,1.0,1.0,1.0,1.0,1.0,False,False,Dallas Cowboys NFL Extra Points Visa Signature Card,,,Visa,0.0
229,0.0,0.0,0.0,0.0,0.0,0.0,,False,David's Bridal Credit Card,,,Unknown,0.0
230,1.0,1.0,1.0,1.0,1.0,1.0,False,False,Denver Broncos NFL Extra Points Visa Signature Card,,,Visa,0.0
231,1.0,1.0,1.0,1.0,1.0,1.0,False,False,Detroit Lions NFL Extra Points Visa Signature Card,,,Visa,0.0
232,0.0,0.0,0.0,0.0,0.0,0.0,,False,Detroit Tigers® BankAmericard Cash Rewards MasterCard®,,,MasterCard,0.0
233,0.0,0.0,0.0,0.0,0.0,0.0,False,False,Diamond Resorts World MasterCard®,,,MasterCard,0.0
234,0.0,0.0,0.0,0.0,0.0,0.0,,False,Dillons/Baker's/Gerbes REWARDS World Mastercard®,,,MasterCard,0.0
235,0.0,0.0,0.0,0.0,0.0,0.0,False,False,Drury Gold Key Club Card,,,Unknown,0.0
236,0.0,0.0,0.0,0.0,0.0,0.0,False,False,ESL FCU Visa® Business Card,,,Visa,0.0
237,1.0,1.0,2.0,3.0,1.0,1.0,False,False,Eastern Bank Cash Rewards American Express® Card,,,American Express,0.0
238,1.0,1.0,1.0,2.0,1.0,1.0,False,False,Eastern Bank Premier Rewards American Express® Card,,,American Express,0.0
239,0.0,0.0,0.0,0.0,0.0,0.0,False,False,Eastern Bank Secured Visa® Card,,,Visa,0.0
240,1.5,1.5,1.5,1.5,1.5,1.5,True,False,Eastern Bank Visa Signature® College Real Rewards Card,,,Visa,0.0
241,1.5,1.5,1.5,1.5,1.5,1.5,True,False,Eastern Bank Visa Signature® Real Rewards Card,,,Visa,0.0
242,0.0,0.0,0.0,0.0,0.0,0.0,False,False,Eastern Bank Visa® Business Card,,,Visa,0.0
243,1.0,1.0,1.0,2.0,1.0,3.0,False,False,Eastern Bank Visa® Business Cash Card,,,Visa,0.0
244,1.5,1.5,1.5,1.5,1.5,1.5,True,False,Eastern Bank Visa® Business Real Rewards Card,,,Visa,0.0
245,1.5,1.5,1.5,1.5,1.5,1.5,True,False,Eastern Bank Visa® Business Rewards PLUS Card,,,Visa,0.0
246,0.0,0.0,0.0,0.0,0.0,0.0,False,False,Eastern Bank Visa® Platinum Card,,,Visa,0.0
247,0.0,0.0,0.0,0.0,0.0,0.0,False,False,Eddie Bauer Credit Card,,,Unknown,0.0
248,1.0,1.0,1.0,1.0,1.0,1.0,False,False,Evans Bank Visa® Small Business Cash Rewards Card,,,Visa,0.0
249,1.0,1.0,1.0,1.0,1.0,1.0,False,False,Evans Visa® Cash Rewards Platinum Credit Card,,,Visa,0.0
250,0.0,0.0,0.0,0.0,0.0,0.0,False,False,Evans Visa® Platinum Edition Credit Card,,,Visa,0.0
251,0.0,0.0,0.0,0.0,0.0,0.0,False,False,Evans Visa® Rewards Platinum Credit Card,,,Visa,0.0
252,0.0,0.0,0.0,0.0,0.0,0.0,False,False,Evans Visa® Small Business Edition,,,Visa,0.0
253,0.0,0.0,0.0,0.0,0.0,0.0,False,False,Evans Visa® Small Business Rewards Card,,,Visa,0.0
254,1.0,1.0,1.0,1.0,1.0,1.0,False,False,Everyday Points® Business Mastercard®,,,MasterCard,0.0
255,0.0,0.0,0.0,0.0,0.0,0.0,,False,Express Next Credit Card,,,Unknown,0.0
256,0.0,0.0,0.0,0.0,0.0,0.0,,False,First Access VISA® Solid Black Credit Card,"Fair Credit, Poor Credit, Bad Credit, Unsecured Credit",https://clicks.surehits.com/ListingDisplay/Click/?I=NTBmYzM4MjYtNzAzNS00MDE5LWJlODEtYjNiNjBmN2ZmNWYz&U=aHR0cHM6Ly9jdC5idXlyaWdodC5jb20vcmQvci5waHA%2fc2lkPTgwJnB1Yj02NTAxNjEmYzE9Q1ImYzI9JGNsaWNra2V5JCZjMz0%3d&SI=OTUzZDIzM2YtZWM1MC00ZmFiLWIzYzItMzQ0M2RmZDZlZDgz&SDT=NjM3MzA5NDMzOTI5MzU1OTA3&T=MQ%3d%3d&BM=MQ%3d%3d&ZZ=1595346593,Visa,0.0
257,0.0,0.0,0.0,0.0,0.0,0.0,False,False,FLW Fishing League Worldwide Visa® Rewards Card,,,Visa,0.0
258,1.0,1.0,1.0,2.0,1.0,1.0,False,False,FNA Florida Nurses Association Visa® Rewards,,,Visa,0.0
259,1.0,1.0,1.0,2.0,1.0,1.0,False,False,FOP Fraternal Order of Police® Visa® Rewards Credit Card,,,Visa,0.0
260,1.0,1.0,1.0,2.0,1.0,3.0,False,False,Family Handyman MasterCard® with Rewards,,,MasterCard,0.0
261,0.0,0.0,0.0,0.0,0.0,0.0,False,False,Fifth Third Secured Card,,,Unknown,0.0
262,0.0,0.0,0.0,0.0,0.0,0.0,False,False,FifthThird Business Rewards MasterCard,,,MasterCard,0.0
263,0.0,0.0,0.0,0.0,0.0,0.0,False,False,Fingerhut Advantage Credit Account,,,Unknown,0.0
264,0.0,0.0,0.0,0.0,0.0,0.0,False,False,First Citizens Business Visa® Card,,,Visa,0.0
265,1.0,1.0,1.0,3.0,1.0,1.0,False,False,First Citizens Rewards Business Visa® Card,,,Visa,0.0
266,1.0,1.0,1.0,1.0,1.0,1.0,False,False,First Citizens Rewards Visa® Card,,,Visa,0.0
267,1.5,1.5,1.5,1.5,1.5,1.5,True,False,First Citizens Rewards® Visa® Card Accelerate Your Earnings,,,Visa,0.0
268,1.0,1.0,1.0,1.0,1.0,1.0,False,False,First Citizens Rewards® Visa® with Unlimited Cash Back,,,Visa,0.0
269,0.0,0.0,0.0,0.0,0.0,0.0,False,False,First Citizens Smart Option Visa® Card,,,Visa,0.0
270,0.0,0.0,0.0,0.0,0.0,0.0,False,False,First Command Bank Classic Visa® Card,,,Visa,0.0
271,0.0,0.0,0.0,0.0,0.0,0.0,False,False,First Command Bank Platinum Visa® Card,,,Visa,0.0
272,0.0,0.0,0.0,0.0,0.0,0.0,False,False,First Hawaiian Bank Business MasterCard®,,,MasterCard,0.0
273,1.0,1.0,1.0,3.0,1.0,1.0,False,False,First Hawaiian Bank Cash Rewards Business Credit Card,,,Unknown,0.0
274,0.0,0.0,0.0,0.0,0.0,0.0,False,False,First Hawaiian Bank Heritage MasterCard®,,,MasterCard,0.0
275,0.0,0.0,0.0,0.0,0.0,0.0,,False,First Hawaiian Bank Priority Destinations World Elite MasterCard (Personal and Priority),,,MasterCard,0.0
276,0.0,0.0,0.0,0.0,0.0,0.0,False,False,First Hawaiian Bank Priority Destinations® World Credit Card,,,Unknown,0.0
277,1.0,1.0,2.0,2.0,1.0,2.0,False,False,First Hawaiian Bank Priority Destinations® World Elite Business MasterCard,,,MasterCard,0.0
278,1.0,1.0,1.0,1.0,1.0,1.0,False,False,First Hawaiian Bank Priority Rewards Business Credit Card℠,,,Unknown,0.0
279,0.0,0.0,0.0,0.0,0.0,0.0,False,False,First Hawaiian Bank United MileagePlus® Business Credit Card,,,Unknown,0.0
280,0.0,0.0,0.0,0.0,0.0,0.0,,False,First Hawaiian Bank United® Credit Card,,,Unknown,60.0
281,0.0,0.0,0.0,0.0,0.0,0.0,False,False,First Horizon Platinum Premier Visa Card,,,Visa,0.0
282,0.0,0.0,0.0,0.0,0.0,0.0,False,False,First Horizon Secured Visa,,,Visa,0.0
283,1.0,1.0,1.0,2.0,1.0,1.0,False,False,First Horizon Visa Signature®,,,Visa,0.0
284,0.0,0.0,0.0,0.0,0.0,0.0,False,False,First Horizon Visa® Classic,,,Visa,0.0
285,1.0,1.0,1.0,3.0,1.0,1.0,False,False,First Internet Bank CASHBACK Credit Card,,,Unknown,0.0
286,0.0,0.0,0.0,0.0,0.0,0.0,,False,Unknown,,,Unknown,0.0
287,1.0,1.0,2.0,3.0,1.0,1.0,False,False,First Midwest Bank Cash Rewards American Express® Card,,,American Express,0.0
288,1.0,1.0,1.0,2.0,1.0,3.0,False,False,First Midwest Bank Premier Rewards American Express® Card,,,American Express,0.0
289,1.0,1.0,1.0,2.0,1.0,1.0,False,False,First Midwest Bank Visa® Business Cash Card,,,Visa,0.0
290,0.0,0.0,0.0,0.0,0.0,0.0,False,False,First Midwest Bank Visa® Business Platinum Card,,,Visa,0.0
291,1.5,1.5,1.5,1.5,1.5,1.5,True,False,First Midwest Bank Visa® Business Real Rewards Card,,,Visa,0.0
292,1.5,1.5,1.5,1.5,1.5,1.5,True,False,First Midwest Bank Visa® Business Rewards PLUS Card,,,Visa,0.0
293,1.5,1.5,1.5,1.5,1.5,1.5,True,False,First Midwest Bank Visa® College Real Rewards Card,,,Visa,0.0
294,0.0,0.0,0.0,0.0,0.0,0.0,False,False,First Midwest Bank Visa® Platinum Card,,,Visa,0.0
295,1.5,1.5,1.5,1.5,1.5,1.5,True,False,First Midwest Bank Visa® Real Rewards Card,,,Visa,0.0
296,0.0,0.0,0.0,0.0,0.0,0.0,False,False,First Midwest Bank Visa® Secured Card,,,Visa,0.0
297,1.5,1.5,1.5,1.5,1.5,1.5,True,False,First National Bank American Express® Card,,,American Express,0.0
298,0.0,0.0,0.0,0.0,0.0,0.0,False,False,First National Bank Business Edition® Secured Visa® Card,,,Visa,0.0
299,0.0,0.0,0.0,0.0,0.0,0.0,False,False,First National Bank Business Edition® Visa® Card,,,Visa,0.0
300,1.0,1.0,1.0,1.0,1.0,1.0,False,False,First National Bank Complete Rewards® Visa® Card,,,Visa,0.0
301,0.0,0.0,0.0,0.0,0.0,0.0,,False,First National Bank Platinum Edition® Visa® Card,,,Visa,0.0
302,1.5,1.5,1.5,1.5,1.5,1.5,True,False,First National Bank of Omaha Business Edition® Visa® Card with Reward Simplicity,,,Visa,0.0
303,0.0,0.0,0.0,0.0,0.0,0.0,False,False,First National Bank of Omaha Secured Visa® Card,,,Visa,0.0
304,0.0,0.0,0.0,0.0,0.0,0.0,False,False,Firstrust Business Platinum Card,,,Unknown,0.0
305,1.0,1.0,1.2,1.2,1.0,1.2,False,False,Firstrust Business Platinum Rewards Card,,,Unknown,0.0
306,1.0,1.0,1.2,1.2,1.0,1.2,False,False,Firstrust Platinum Rewards Card,,,Unknown,0.0
307,0.0,0.0,0.0,0.0,0.0,0.0,False,False,Firstrust Platinum Visa® Card,,,Visa,0.0
308,1.0,1.0,2.0,1.0,1.0,1.0,False,False,Five Star Bank Cash Rewards American Express® Card,,,American Express,0.0
309,1.5,1.5,1.5,1.5,1.5,1.5,True,False,Five Star Bank College Real Rewards Visa® Card,,,Visa,0.0
310,1.0,1.0,1.0,2.0,1.0,1.0,False,False,Five Star Bank Premier Rewards American Express® Card,,,American Express,0.0
311,0.0,0.0,0.0,0.0,0.0,0.0,False,False,Five Star Bank Secured Visa®,,,Visa,0.0
312,0.0,0.0,0.0,0.0,0.0,0.0,,False,Five Star Bank Visa Signature® Real Rewards Card,,,Visa,0.0
313,0.0,0.0,0.0,0.0,0.0,0.0,False,False,Five Star Bank Visa® Business Card,,,Visa,0.0
314,1.0,1.0,1.0,2.0,1.0,1.0,False,False,Five Star Bank Visa® Business Cash Card,,,Visa,0.0
315,1.5,1.5,1.5,1.5,1.5,1.5,True,False,Five Star Bank Visa® Business Real Rewards Card,,,Visa,0.0
316,0.0,0.0,0.0,0.0,0.0,0.0,,False,Five Star Bank Visa® Business Rewards PLUS Card,,,Visa,0.0
317,0.0,0.0,0.0,0.0,0.0,0.0,False,False,Five Star Bank Visa® Platinum Card,,,Visa,0.0
318,1.0,1.0,2.0,3.0,1.0,1.0,False,False,Flagstar Bank Cash Rewards American Express® Card,,,American Express,0.0
319,1.0,1.0,1.0,2.0,1.0,1.0,False,False,Flagstar Bank Premier Rewards American Express® Card,,,American Express,0.0
320,1.5,1.5,1.5,1.5,1.5,1.5,True,False,Flagstar Bank Visa Real Rewards Card,,,Visa,0.0
321,1.0,1.0,1.0,2.0,1.0,1.0,False,False,Flagstar Bank Visa® Business Cash Card,,,Visa,0.0
322,1.5,1.5,1.5,1.5,1.5,1.5,True,False,Flagstar Bank Visa® Business Real Rewards Card,,,Visa,0.0
323,1.5,1.5,1.5,1.5,1.5,1.5,True,False,Flagstar Bank Visa® Business Rewards Plus Card,,,Visa,0.0
324,1.5,1.5,1.5,1.5,1.5,1.5,True,False,Flagstar Bank Visa® College Real Rewards Card,,,Visa,0.0
325,0.0,0.0,0.0,0.0,0.0,0.0,False,False,Flagstar Bank Visa® Platinum Card,,,Visa,0.0
326,0.0,0.0,0.0,0.0,0.0,0.0,False,False,Flagstar Bank Visa® Secured Card,,,Visa,0.0
327,0.0,0.0,0.0,0.0,0.0,0.0,False,False,Fred Meyer Rewards® World Mastercard®,,,MasterCard,0.0
328,5.0,1.0,1.0,1.0,1.0,1.0,False,False,Frontier Airlines World MasterCard®,,,MasterCard,79.0
329,0.0,0.0,0.0,0.0,0.0,0.0,,False,Fry's Rewards World Mastercard®,,,MasterCard,0.0
330,1.0,1.0,1.0,1.0,1.0,1.0,False,False,Fulton Bank Cash Rewards American Express® Card,,,American Express,0.0
331,1.5,1.5,1.5,1.5,1.5,1.5,True,False,Fulton Bank College Real Rewards Visa® Card,,,Visa,0.0
332,1.0,1.0,1.0,2.0,1.0,1.0,False,False,Fulton Bank Premier Rewards American Express® Card,,,American Express,0.0
333,0.0,0.0,0.0,0.0,0.0,0.0,False,False,Fulton Bank Secured Visa® Card,,,Visa,0.0
334,0.0,0.0,0.0,0.0,0.0,0.0,False,False,Fulton Bank Visa® Business Card,,,Visa,0.0
335,1.0,1.0,1.0,2.0,1.0,1.0,False,False,Fulton Bank Visa® Business Cash Card,,,Visa,0.0
336,1.5,1.5,1.5,1.5,1.5,1.5,True,False,Fulton Bank Visa® Business Real Rewards Card,,,Visa,0.0
337,1.5,1.5,1.5,1.5,1.5,1.5,True,False,Fulton Bank Visa® Business Rewards PLUS Card,,,Visa,0.0
338,0.0,0.0,0.0,0.0,0.0,0.0,False,False,Fulton Bank Visa® Platinum Card,,,Visa,0.0
339,1.5,1.5,1.5,1.5,1.5,1.5,True,False,Fulton Bank Visa® Real Rewards Card,,,Visa,0.0
340,1.0,1.0,2.0,2.0,1.0,2.0,False,False,Garden State Community Bank 2% Cash Back Visa® Card,,,Visa,0.0
341,0.0,0.0,0.0,0.0,0.0,0.0,False,False,Garden State Community Bank Platinum Edition® Visa® Card,,,Visa,0.0
342,0.0,0.0,0.0,0.0,0.0,0.0,False,False,Garden State Community Bank Secured Visa® Card,,,Visa,0.0
343,0.0,0.0,0.0,0.0,0.0,0.0,,False,Goody's Credit Card,,,Unknown,0.0
344,0.0,0.0,0.0,0.0,0.0,0.0,,False,Gordmans Credit Card,,,Unknown,0.0
345,1.0,1.0,1.0,1.0,1.0,1.0,False,False,Green Bay Packers NFL Extra Points Visa Signature Card,,,Visa,0.0
346,0.0,0.0,0.0,0.0,0.0,0.0,False,False,Grossman's® Bargain Outlet Credit Card,,,Unknown,0.0
347,0.0,0.0,0.0,0.0,0.0,0.0,,False,Guide Dogs for the Blind Visa® Platinum Rewards Card,,,Visa,0.0
348,0.0,0.0,0.0,0.0,0.0,0.0,,False,Hilton Honors American Express Aspire Card,"Good, Excellent",https://clicks.surehits.com/ListingDisplay/Click/?I=NGNmNjE5NDQtZGMwNC00NzJkLWE5NDItOTU4NjM4YWJkZjU0&U=aHR0cHM6Ly9nb3RvLmFtZXJpY2FuZXhwcmVzcy5jb206NDQzL2MvMTE5NTQxMi84MzQ4NDgvNzMyMz9wcm9kc2t1PTExMzAmdT1odHRwcyUzQSUyRiUyRnd3dy5hbWVyaWNhbmV4cHJlc3MuY29tJTJGdXMlMkZjcmVkaXQtY2FyZHMlMkZjYXJkJTJGaGlsdG9uLWhvbm9ycy1hc3BpcmUlMkYlM0ZlZXAlM0QyNjEyOSUyNmV4dGxpbmslM0RhZi11cy1jY3NnLUhBU1RQR0xNJnNoYXJlZGlkPTE0MDExODIwMDI0JlN1YklEMT0kY2xpY2trZXkkJlN1YklEMj1zaXRlcw%3d%3d&SI=NzMyMzZmOWItMjNiNy00MWQxLTlmNGMtMjc3MDYxNmYzZDA1&SDT=NjM3MzA5NDM0NDI3ODQzMjgz&T=MQ%3d%3d&BM=MQ%3d%3d&ZZ=1595346643,American Express,0.0
349,0.0,0.0,0.0,0.0,0.0,0.0,,False,Hilton Honors American Express Card,"Good, Excellent",https://clicks.surehits.com/ListingDisplay/Click/?I=MDJjMTZhZmMtMmUwNi00ZmQxLTgzODAtYmVkNjM2ZTZhMzY3&U=aHR0cHM6Ly9nb3RvLmFtZXJpY2FuZXhwcmVzcy5jb206NDQzL2MvMTE5NTQxMi80MjA4OTUvNzMyMz9wcm9kc2t1PTExNyZ1PWh0dHBzJTNhJTJmJTJmd3d3LmFtZXJpY2FuZXhwcmVzcy5jb20lMmZ1cyUyZmNyZWRpdC1jYXJkcyUyZmNhcmQlMmZoaWx0b24taG9ub3JzJTJmJTNmZWVwJTNkMjYxMjklMjZleHRsaW5rJTNkYWYtdXMtY2NzZy1ISENMTSZzaGFyZWRpZD0xNDAxMTgyMDAyNCZTdWJJRDE9JGNsaWNra2V5JCZTdWJJRDI9c2l0ZXM%3d&SI=ZWJkZDU0NjctYzI5OC00NTQzLTk0ZWYtMGE4ZTBlYjEwMDNk&SDT=NjM3MzA5NDM0NDQyNTM0NTA2&T=MQ%3d%3d&BM=MQ%3d%3d&ZZ=1595346644,American Express,250.0
350,0.0,0.0,0.0,0.0,0.0,0.0,,False,Hilton Honors American Express Surpass® Card,"Good, Excellent",https://clicks.surehits.com/ListingDisplay/Click/?I=MzM4ZDdiNWItNzAzYi00NzgxLWE3NGUtMGU2ZTU3MGIxYzhh&U=aHR0cHM6Ly9nb3RvLmFtZXJpY2FuZXhwcmVzcy5jb206NDQzL2MvMTE5NTQxMi80MjA4OTUvNzMyMz9wcm9kc2t1PTc3NCZ1PWh0dHBzJTNhJTJmJTJmd3d3LmFtZXJpY2FuZXhwcmVzcy5jb20lMmZ1cyUyZmNyZWRpdC1jYXJkcyUyZmNhcmQlMmZoaWx0b24taG9ub3JzLXN1cnBhc3MlMmYlM2ZlZXAlM2QyNjEyOSUyNmV4dGxpbmslM2RhZi11cy1jY3NnLUhIU0xNJnNoYXJlZGlkPTE0MDExODIwMDI0JlN1YklEMT0kY2xpY2trZXkkJlN1YklEMj1zaXRlcw%3d%3d&SI=MDY3NDFhODQtMzI4YS00MzNiLTlkY2YtOWI5NjcxYjIxZDky&SDT=NjM3MzA5NDM0NDUzNTM4ODQy&T=MQ%3d%3d&BM=MQ%3d%3d&ZZ=1595346645,American Express,0.0
351,1.0,1.0,1.0,1.0,1.0,1.0,False,False,HSBC Advance MasterCard® Credit Card,,,MasterCard,0.0
352,1.5,1.5,1.5,1.5,1.5,1.5,True,False,HSBC Cash Rewards Mastercard® Credit Card Student Account,,,MasterCard,0.0
353,0.0,0.0,0.0,0.0,0.0,0.0,False,False,HSBC Premier World Elite Mastercard® Credit Card,,,MasterCard,0.0
354,0.0,0.0,0.0,0.0,0.0,0.0,False,False,HSBC Premier World MasterCard®,,,MasterCard,0.0
355,0.0,0.0,0.0,0.0,0.0,0.0,,False,,,,Unknown,0.0
356,0.0,0.0,0.0,0.0,0.0,0.0,False,False,,,,Unknown,0.0
357,0.0,0.0,0.0,0.0,0.0,0.0,False,False,,,,Unknown,0.0
358,0.0,0.0,0.0,0.0,0.0,0.0,False,False,Harris Teeter REWARDS World Mastercard®,,,MasterCard,0.0
359,0.0,0.0,0.0,0.0,0.0,0.0,,False,Unknown,,,Unknown,0.0
360,0.0,0.0,0.0,0.0,0.0,0.0,False,False,Hawaiian Airlines® Business MasterCard®,,,MasterCard,0.0
361,0.0,0.0,0.0,0.0,0.0,0.0,False,False,Holland America Line Rewards Visa® Card,,,Visa,0.0
362,0.0,0.0,0.0,0.0,0.0,0.0,False,False,HomeGoods® TJX Rewards® Credit Card,,,Unknown,0.0
363,0.0,0.0,0.0,0.0,0.0,0.0,,False,Houston Astros® BankAmericard Cash Rewards MasterCard®,,,MasterCard,0.0
364,1.0,1.0,1.0,1.0,1.0,1.0,False,False,Houston Texans NFL Extra Points Visa Signature Card,,,Visa,0.0
365,0.0,0.0,0.0,0.0,0.0,0.0,,False,IHG® Rewards Club Premier Credit Card,"Excellent, Good",https://clicks.surehits.com/ListingDisplay/Click/?I=MWFjMjVmODgtNDRhYy00YWFlLTljNWQtMDhmYjU0MDhiOWI3&U=aHR0cHM6Ly9jbGljay5saW5rc3luZXJneS5jb20vbGluaz9pZD1LQjRxb1NUS2tDOCZvZmZlcmlkPTc5MjkyMi4zMTUwMCZ0eXBlPTE1Jm11cmw9aHR0cHMlM2ElMmYlMmZjcmVkaXRjYXJkcy5jaGFzZS5jb20lMmZhMSUyZmloZyUyZjEyNWtwcmVtaWVybmFlcCUzZkNFTEwlM2Q2SDhYJnUxPSRjbGlja2tleSQ%3d&SI=NWIxOWU3YmEtOTUwYS00NzYxLThhMzgtNzVmN2IxMjZmYzZj&SDT=NjM3MzA5NDM0NTM3NjY2OTkx&T=MQ%3d%3d&BM=MQ%3d%3d&ZZ=1595346654,Unknown,95.0
366,0.0,0.0,0.0,0.0,0.0,0.0,,False,IHG® Rewards Club Traveler Credit Card,Good/Excellent,https://clicks.surehits.com/ListingDisplay/Click/?I=N2EwZDVlN2UtZTAwZS00OGMyLThmMzgtNjYwZjQ5NjNjODMw&U=aHR0cHM6Ly9jbGljay5saW5rc3luZXJneS5jb20vbGluaz9pZD1LQjRxb1NUS2tDOCZvZmZlcmlkPTc5MjkyMi4zMTQ5NyZ0eXBlPTE1Jm11cmw9aHR0cHMlM2ElMmYlMmZjcmVkaXRjYXJkcy5jaGFzZS5jb20lMmZhMSUyZmloZyUyZjc1a3RyYXZlbGVybmFlcHEzJTNmQ0VMTCUzZDZIOFgmdTE9JGNsaWNra2V5JA%3d%3d&SI=NWJiNjBlYWUtN2E4Mi00MjBiLWE2YTAtYmE3OGM1YmJhNmY5&SDT=NjM3MzA5NDM0NTM4NzY1NDM5&T=MQ%3d%3d&BM=MQ%3d%3d&ZZ=1595346654,Unknown,95.0
367,0.0,0.0,0.0,0.0,0.0,0.0,,False,Unknown,,,Unknown,0.0
368,1.0,1.0,1.0,1.0,1.0,1.0,False,False,Indianapolis Colts NFL Extra Points Visa Signature Card,,,Visa,0.0
369,0.0,0.0,0.0,0.0,0.0,0.0,,False,Jasper Mastercard®,"None/Limited History, Excellent, Good",https://clicks.surehits.com/ListingDisplay/Click/?I=NGJhMWNmYzUtMmIzNy00MzUxLTg2MzgtOWE0NDBhNzUzMmFl&U=aHR0cHM6Ly93d3cuamFzcGVyY2FyZC5jb20vdXNlci9zaWdudXAvP3BhPVF1aW5zdHJlZXQmdD0kY2xpY2trZXkk&SI=ODMzZGQ3NDQtMGQyMS00MDQ2LWI0ZGUtMjBkZGY4MTFkYTkz&SDT=NjM3MzA5NDM0NTU5MDQyOTA5&T=MQ%3d%3d&BM=MQ%3d%3d&ZZ=1595346656,MasterCard,0.0
370,0.0,0.0,0.0,0.0,0.0,0.0,,False,J. Crew Credit Card,,,Unknown,0.0
371,0.0,0.0,0.0,0.0,0.0,0.0,,False,J. Jill Credit Card,,,Unknown,0.0
372,0.0,0.0,0.0,0.0,0.0,0.0,False,False,JC Penney Credit Card,,,Unknown,0.0
373,1.0,1.0,1.0,1.0,1.0,1.0,False,False,Jacksonville Jaguars NFL Extra Points Visa Signature Card,,,Visa,0.0
374,1.0,1.0,2.0,1.0,1.0,1.0,False,False,Jeff Bank Cash Rewards American Express® Card,,,American Express,0.0
375,0.0,0.0,0.0,0.0,0.0,0.0,,False,Jeff Bank College Real Rewards Visa® Card,,,Visa,0.0
376,1.0,1.0,1.0,2.0,1.0,1.0,False,False,Jeff Bank Premier Rewards American Express® Card,,,American Express,0.0
377,0.0,0.0,0.0,0.0,0.0,0.0,False,False,Jeff Bank Secured Visa® Card,,,Visa,0.0
378,1.5,1.5,1.5,1.5,1.5,1.5,True,False,Jeff Bank Visa Signature® Real Rewards Card,,,Visa,0.0
379,0.0,0.0,0.0,0.0,0.0,0.0,False,False,Jeff Bank Visa® Business Card,,,Visa,0.0
380,1.0,1.0,1.0,2.0,1.0,1.0,False,False,Jeff Bank Visa® Business Cash Card,,,Visa,0.0
381,1.5,1.5,1.5,1.5,1.5,1.5,True,False,Jeff Bank Visa® Business Real Rewards Card,,,Visa,0.0
382,0.0,0.0,0.0,0.0,0.0,0.0,,False,Jeff Bank Visa® Business Rewards PLUS Card,,,Visa,0.0
383,0.0,0.0,0.0,0.0,0.0,0.0,False,False,Jeff Bank Visa® Platinum Card,,,Visa,0.0
384,0.0,0.0,0.0,0.0,0.0,0.0,,False,Jessica London Credit Card,,,Unknown,0.0
385,0.0,0.0,0.0,0.0,0.0,0.0,,False,Unknown,,,Unknown,0.0
386,0.0,0.0,0.0,0.0,0.0,0.0,False,False,Justice FCU ACA Visa Rewards Card,,,Visa,0.0
387,0.0,0.0,0.0,0.0,0.0,0.0,False,False,Justice FCU AFNA Visa Rewards Credit Card,,,Visa,0.0
388,0.0,0.0,0.0,0.0,0.0,0.0,False,False,Justice FCU Blue Knights® International VISA® Rewards Card,,,Visa,0.0
389,0.0,0.0,0.0,0.0,0.0,0.0,False,False,Justice FCU,,,Unknown,0.0
390,0.0,0.0,0.0,0.0,0.0,0.0,False,False,Justice FCU FBINAA Visa Rewards Credit Card,,,Visa,0.0
391,0.0,0.0,0.0,0.0,0.0,0.0,False,False,Justice FCU NEIA Visa Rewards Credit Card,,,Visa,0.0
392,0.0,0.0,0.0,0.0,0.0,0.0,False,False,Justice FCU NNALEA Affinity Visa Credit Card,,,Visa,0.0
393,0.0,0.0,0.0,0.0,0.0,0.0,False,False,Justice FCU NSA Visa Rewards Credit Card,,,Visa,0.0
394,0.0,0.0,0.0,0.0,0.0,0.0,False,False,Justice FCU SFSAFBI Visa Rewards Credit Card,,,Visa,0.0
395,0.0,0.0,0.0,0.0,0.0,0.0,False,False,Justice FCU Secured Visa® Classic Card,,,Visa,0.0
396,0.0,0.0,0.0,0.0,0.0,0.0,False,False,Justice FCU Student Rewards Visa® Card,,,Visa,0.0
397,0.0,0.0,0.0,0.0,0.0,0.0,False,False,Justice FCU Visa® Classic Card,,,Visa,0.0
398,0.0,0.0,0.0,0.0,0.0,0.0,False,False,Justice FCU Visa® Gold Card,,,Visa,0.0
399,0.0,0.0,0.0,0.0,0.0,0.0,False,False,Justice FCU Visa® Platinum Rewards Card,,,Visa,0.0
400,1.0,1.0,1.0,2.0,1.0,3.0,False,False,KBA Kansas Bar Association Visa® Rewards Card,,,Visa,0.0
401,1.0,1.0,1.0,2.0,1.0,3.0,False,False,KCMBA Visa Signature® Credit Card,,,Visa,0.0
402,1.0,1.0,1.0,1.0,1.0,1.0,False,False,Kansas City Chiefs NFL Extra Points Visa Signature Card,,,Visa,0.0
403,0.0,0.0,0.0,0.0,0.0,0.0,,False,Kansas City Royals® BankAmericard Cash Rewards™ MasterCard®,,,MasterCard,0.0
404,1.5,1.5,1.5,1.5,1.5,1.5,True,False,Key Cashback Credit Card,,,Unknown,0.0
405,0.0,0.0,0.0,0.0,0.0,0.0,False,False,Key Secured Credit Card®,,,Unknown,0.0
406,0.0,0.0,0.0,0.0,0.0,0.0,False,False,KeyBank Business MasterCard® Credit Card,,,MasterCard,0.0
407,1.0,1.0,1.0,1.0,1.0,2.0,False,False,KeyBank Business Rewards MasterCard® Credit Card,,,MasterCard,0.0
408,0.0,0.0,0.0,0.0,0.0,0.0,,False,KeyBank Key2More Rewards MasterCard® Credit Card,,,MasterCard,0.0
409,0.0,0.0,0.0,0.0,0.0,0.0,,False,Unknown,,,Unknown,0.0
410,0.0,0.0,0.0,0.0,0.0,0.0,False,False,King Soopers REWARDS World Mastercard®,,,MasterCard,0.0
411,0.0,0.0,0.0,0.0,0.0,0.0,,False,KingSize Credit Card,,,Unknown,0.0
412,1.0,1.0,1.0,2.0,1.0,3.0,False,False,Kiwanis Visa® Rewards Card,,,Visa,0.0
413,0.0,0.0,0.0,0.0,0.0,0.0,,False,Kohl's Charge Card,Average,https://www.cardratings.com/details/credit-card/kohls-charge-card,Unknown,0.0
414,0.0,0.0,0.0,0.0,0.0,0.0,False,False,Korean Air SKYPASS Select Visa Signature® Card,,,Visa,0.0
415,0.0,0.0,0.0,0.0,0.0,0.0,,False,Korean Air SKYPASS Visa® Business Card,,,Visa,95.0
416,0.0,0.0,0.0,0.0,0.0,0.0,False,False,Korean Air SKYPASS Visa® Secured Card,,,Visa,0.0
417,0.0,0.0,0.0,0.0,0.0,0.0,,False,Korean Air SKYPASS Visa® Signature Card,,,Visa,95.0
418,0.0,0.0,0.0,0.0,0.0,0.0,,False,Korean Air SkyBlue SKYPASS Visa® Credit Card,,,Visa,0.0
419,0.0,0.0,0.0,0.0,0.0,0.0,,False,Kroger REWARDS World Mastercard®,,,MasterCard,0.0
420,0.0,0.0,0.0,0.0,0.0,0.0,False,False,LATAM Visa Signature® Card,,,Visa,0.0
421,0.0,0.0,0.0,0.0,0.0,0.0,False,False,LATAM Visa® Card,,,Visa,0.0
422,0.0,0.0,0.0,0.0,0.0,0.0,False,False,LATAM Visa® Secured Card,,,Visa,0.0
423,0.0,0.0,0.0,0.0,0.0,0.0,,False,Lane Bryant Credit Card,,,Unknown,0.0
424,1.0,1.0,1.0,1.0,1.0,1.0,False,False,Las Vegas Raiders NFL Extra Points Visa Signature Card,,,Visa,0.0
425,0.0,0.0,0.0,0.0,0.0,0.0,False,False,Levin Furniture Credit Card,,,Unknown,0.0
426,0.0,0.0,0.0,0.0,0.0,0.0,,False,Lexus Pursuits Credit Card,,,Unknown,0.0
427,0.0,0.0,0.0,0.0,0.0,0.0,,False,Lexus Pursuits Visa® Card,,,Visa,0.0
428,0.0,0.0,0.0,0.0,0.0,0.0,,False,Los Angeles Angels® BankAmericard Cash Rewards MasterCard®,,,MasterCard,0.0
429,1.0,1.0,1.0,1.0,1.0,1.0,False,False,Los Angeles Chargers NFL Extra Points Visa Signature Card,,,Visa,0.0
430,0.0,0.0,0.0,0.0,0.0,0.0,,False,Los Angeles Dodgers® BankAmericard Cash Rewards MasterCard®,,,MasterCard,0.0
431,1.0,1.0,1.0,1.0,1.0,1.0,False,False,Los Angeles Rams NFL Extra Points Visa Signature Card,,,Visa,0.0
432,0.0,0.0,0.0,0.0,0.0,0.0,,False,LoveLOFT Credit Card,,,Unknown,0.0
433,0.0,0.0,0.0,0.0,0.0,0.0,,False,LoveLOFT Mastercard®,,,MasterCard,0.0
434,0.0,0.0,0.0,0.0,0.0,0.0,False,False,Lufthansa Miles & More® World Elite Mastercard®,,,MasterCard,0.0
435,0.0,0.0,0.0,0.0,0.0,0.0,False,False,Lumber Liquidators Credit Card,,,Unknown,0.0
436,1.0,1.0,1.0,1.0,1.0,1.0,False,False,Marriott Bonvoy Bold™ Credit Card,"Excellent, Good",https://clicks.surehits.com/ListingDisplay/Click/?I=OTZhNjU0NmQtZjM0Zi00NmU0LThjMzEtYTcyNjUwMmRmNWI0&U=aHR0cHM6Ly9jbGljay5saW5rc3luZXJneS5jb20vbGluaz9pZD1LQjRxb1NUS2tDOCZvZmZlcmlkPTc1NzgxOC4zMTQ5MyZ0eXBlPTE1Jm11cmw9aHR0cHMlM2ElMmYlMmZjcmVkaXRjYXJkcy5jaGFzZS5jb20lMmZhMSUyZm1hcnJpb3R0Ym9sZCUyZm5vbmFlcCUzZkNFTEwlM2Q2SDhYJnUxPSRjbGlja2tleSQ%3d&SI=M2Y1M2MxYmQtY2RlMC00ZjYyLWIzZjktZWVmM2ZhNzg0NTIy&SDT=NjM3MzA5NDM0OTE1MjM0MzIw&T=MQ%3d%3d&BM=MQ%3d%3d&ZZ=1595346692,Unknown,95.0
437,0.0,0.0,0.0,0.0,0.0,0.0,,False,Marriott Bonvoy Boundless™ Credit Card,"Excellent, Good",https://clicks.surehits.com/ListingDisplay/Click/?I=ZjdjMDU1NTEtZWE0Yi00MDI2LThjMmQtN2QwZGU3YjVlOTA3&U=aHR0cHM6Ly9jbGljay5saW5rc3luZXJneS5jb20vbGluaz9pZD1LQjRxb1NUS2tDOCZvZmZlcmlkPTc1NzgxOC4zMTQ5NCZ0eXBlPTE1Jm11cmw9aHR0cHMlM2ElMmYlMmZjcmVkaXRjYXJkcy5jaGFzZS5jb20lMmZhMSUyZm1hcnJpb3R0Ym91bmRsZXNzJTJmbm9uYWVwJTNmQ0VMTCUzZDZIOFgmdTE9JGNsaWNra2V5JA%3d%3d&SI=MDMwZjUzNTItMzQzNC00YzFkLWJjMzgtNWZmYWZjNDE4ODY5&SDT=NjM3MzA5NDM0OTIwNzg5NDIy&T=MQ%3d%3d&BM=MQ%3d%3d&ZZ=1595346692,Unknown,95.0
438,0.0,0.0,0.0,0.0,0.0,0.0,,False,Mastercard® Black Card™,Excellent,https://clicks.surehits.com/ListingDisplay/Click/?I=NGVhMzcyOTQtZDcwMS00NzYzLWJjN2MtNWFhNzQ2OTgxZjhj&U=aHR0cDovL2NsaWNrLmxpbmtzeW5lcmd5LmNvbS9mcy1iaW4vY2xpY2s%2faWQ9ZWxDeWFEWUtvencmb2ZmZXJpZD00MzExOTUuMTAwMDAxMzcmdHlwZT0zJnN1YmlkPTAmdTE9JGNsaWNra2V5JA%3d%3d&SI=ODg3NDBlMGMtMTliZS00NzY5LTg3ZWQtOGMwNWVjNDM4ZjE2&SDT=NjM3MzA5NDM0OTI3MzQ3NDYw&T=MQ%3d%3d&BM=MQ%3d%3d&ZZ=1595346693,MasterCard,0.0
439,0.0,0.0,0.0,0.0,0.0,0.0,,False,Mastercard® Gold Card™,Excellent,https://clicks.surehits.com/ListingDisplay/Click/?I=ZDNlNjJlNTctMmU5Ny00YmMxLWJiNWMtYjM0MDUzZDA5N2Uz&U=aHR0cDovL2NsaWNrLmxpbmtzeW5lcmd5LmNvbS9mcy1iaW4vY2xpY2s%2faWQ9ZWxDeWFEWUtvencmb2ZmZXJpZD00MzExOTUuMTAwMDAxMzgmdHlwZT0zJnN1YmlkPTAmdTE9JGNsaWNra2V5JA%3d%3d&SI=ZmM2ZGE5OTMtMjE1OS00ODQ5LWFmYjgtZmJiMDAwMGFiYjhi&SDT=NjM3MzA5NDM0OTQwNDQ5Mzg4&T=MQ%3d%3d&BM=MQ%3d%3d&ZZ=1595346694,MasterCard,995.0
440,0.0,0.0,0.0,0.0,0.0,0.0,,False,Mastercard® Titanium Card™,Excellent,https://clicks.surehits.com/ListingDisplay/Click/?I=ZGRlZTQzYzktMjNiYi00MGYxLWIxZGEtZjAzZGU2OTVmNWU5&U=aHR0cDovL2NsaWNrLmxpbmtzeW5lcmd5LmNvbS9mcy1iaW4vY2xpY2s%2faWQ9ZWxDeWFEWUtvencmb2ZmZXJpZD00MzExOTUuMTAwMDAxMzkmdHlwZT0zJnN1YmlkPTAmdTE9JGNsaWNra2V5JA%3d%3d&SI=NGFkM2MwMWMtYWI2Yy00MWNmLTkwYTctOGZlNTg3NDg4N2Zm&SDT=NjM3MzA5NDM0OTQ3OTU3NTQz&T=MQ%3d%3d&BM=MQ%3d%3d&ZZ=1595346695,MasterCard,195.0
441,0.0,0.0,0.0,0.0,0.0,0.0,False,False,M&T Visa® Credit Card,,,Visa,0.0
442,1.0,1.0,1.0,1.0,1.0,1.0,False,False,M&T Visa® Credit Card with Rewards,,,Visa,0.0
443,1.5,1.5,1.5,1.5,1.5,1.5,True,False,M&T Visa® Signature Credit Card,,,Visa,0.0
444,0.0,0.0,0.0,0.0,0.0,0.0,False,False,MCU Secured Visa®,,,Visa,0.0
445,1.5,1.5,1.5,1.5,1.5,1.5,True,False,MCU TRUE Rewards Cash Back VISA®,,,Visa,0.0
446,0.0,0.0,0.0,0.0,0.0,0.0,False,False,MCU Visa® Platinum,,,Visa,0.0
447,0.0,0.0,0.0,0.0,0.0,0.0,,False,MLB® BankAmericard Cash Rewards MasterCard®,,,MasterCard,0.0
448,1.0,1.0,1.0,2.0,1.0,3.0,False,False,MSTA Visa® Rewards Credit Card,,,Visa,0.0
449,0.0,0.0,0.0,0.0,0.0,0.0,False,False,Macy's American Express® Card,,,American Express,0.0
450,0.0,0.0,0.0,0.0,0.0,0.0,,False,Macy's Credit Card,,,Unknown,0.0
451,1.0,1.0,1.0,1.0,1.0,1.0,False,False,Malvern Bank Cash Rewards American Express® Card,,,American Express,0.0
452,1.0,1.0,1.0,2.0,1.0,1.0,False,False,Malvern Bank Premier Rewards American Express® Card,,,American Express,0.0
453,0.0,0.0,0.0,0.0,0.0,0.0,False,False,Malvern Bank Secured Visa® Card,,,Visa,0.0
454,1.5,1.5,1.5,1.5,1.5,1.5,True,False,Malvern Bank Visa Signature® Real Rewards Card,,,Visa,0.0
455,0.0,0.0,0.0,0.0,0.0,0.0,False,False,Malvern Bank Visa® Business Card,,,Visa,0.0
456,1.0,1.0,1.0,2.0,1.0,1.0,False,False,Malvern Bank Visa® Business Cash Card,,,Visa,0.0
457,1.5,1.5,1.5,1.5,1.5,1.5,True,False,Malvern Bank Visa® Business Real Rewards Card,,,Visa,0.0
458,0.0,0.0,0.0,0.0,0.0,0.0,,False,Malvern Bank Visa® Business Rewards PLUS Card,,,Visa,0.0
459,0.0,0.0,0.0,0.0,0.0,0.0,False,False,Marshalls® TJX Rewards® Credit Card,,,Unknown,0.0
460,0.0,0.0,0.0,0.0,0.0,0.0,,False,Mathis Brothers Furniture Credit Card,,,Unknown,0.0
461,0.0,0.0,0.0,0.0,0.0,0.0,False,False,Mattress Firm Credit Card,,,Unknown,0.0
462,0.0,0.0,0.0,0.0,0.0,0.0,False,False,Members 1st FCU Visa Platinum Secured Card,,,Visa,0.0
463,1.5,1.5,1.5,1.5,1.5,1.5,True,False,Members 1st FCU Visa Signature® Rewards Credit Card,,,Visa,0.0
464,0.0,0.0,0.0,0.0,0.0,0.0,,False,Members 1st FCU Visa® Platinum Low Rate Credit Card,,,Visa,0.0
465,0.0,0.0,0.0,0.0,0.0,0.0,,False,Members 1st FCU Visa® Platinum Rewards Credit Card,,,Visa,0.0
466,1.0,1.0,1.0,1.0,1.0,1.0,False,False,Miami Dolphins NFL Extra Points Visa Signature Card,,,Visa,0.0
467,0.0,0.0,0.0,0.0,0.0,0.0,,False,Miami Marlins® BankAmericard Cash Rewards MasterCard®,,,MasterCard,0.0
468,1.0,1.0,1.0,2.0,1.0,3.0,False,False,Michigan Tech Visa® Rewards Card,,,Visa,0.0
469,1.0,1.0,1.0,1.0,1.0,1.0,False,False,MidFirst Bank Business Rewards Visa® Credit Card,,,Visa,0.0
470,0.0,0.0,0.0,0.0,0.0,0.0,False,False,MidFirst Bank Business Secured Visa® Card,,,Visa,0.0
471,0.0,0.0,0.0,0.0,0.0,0.0,False,False,MidFirst Bank Business Visa® Credit Card,,,Visa,0.0
472,1.0,1.0,1.0,1.0,1.0,1.0,False,False,MidFirst Bank Rewards Credit Card,,,Unknown,0.0
473,0.0,0.0,0.0,0.0,0.0,0.0,False,False,MidFirst Bank Secured Visa® Credit Card,,,Visa,0.0
474,0.0,0.0,0.0,0.0,0.0,0.0,False,False,MidFirst Bank Visa® Platinum Credit Card,,,Visa,0.0
475,0.0,0.0,0.0,0.0,0.0,0.0,,False,Milwaukee Brewers® BankAmericard Cash Rewards MasterCard®,,,MasterCard,0.0
476,0.0,0.0,0.0,0.0,0.0,0.0,,False,Minnesota Twins® BankAmericard Cash Rewards MasterCard®,,,MasterCard,0.0
477,1.0,1.0,1.0,1.0,1.0,1.0,False,False,Minnesota Vikings NFL Extra Points Visa Signature Card,,,Visa,0.0
478,1.0,1.0,1.0,2.0,1.0,3.0,False,False,Murray State Visa® Rewards Card,,,Visa,0.0
479,0.0,0.0,0.0,0.0,0.0,0.0,False,False,NASA Federal VISA Classic,,,Visa,0.0
480,1.0,1.0,1.0,1.0,1.0,1.0,False,False,NASA Federal VISA Platinum Advantage Rewards,,,Visa,0.0
481,1.5,1.5,1.5,1.5,1.5,1.5,True,False,NASA Federal VISA Platinum Cash Rewards,,,Visa,1.0
482,0.0,0.0,0.0,0.0,0.0,0.0,False,False,NASA Federal VISA Star Trek™ Credit Cards,,,Visa,0.0
483,1.0,1.0,1.0,2.0,1.0,3.0,False,False,NASW Visa® Rewards Credit Card,,,Visa,0.0
484,1.0,1.0,2.0,1.0,1.0,1.0,False,False,NBT Bank Cash Rewards American Express® Card,,,American Express,0.0
485,0.0,0.0,0.0,0.0,0.0,0.0,,False,NBT Bank College Real Rewards Visa® Card,,,Visa,0.0
486,1.0,1.0,1.0,2.0,1.0,1.0,False,False,NBT Bank Premier Rewards American Express® Card,,,American Express,0.0
487,0.0,0.0,0.0,0.0,0.0,0.0,,False,NBT Bank Visa Signature® Real Rewards Card,,,Visa,0.0
488,0.0,0.0,0.0,0.0,0.0,0.0,False,False,NBT Bank Visa® Business Card,,,Visa,0.0
489,1.0,1.0,1.0,2.0,1.0,1.0,False,False,NBT Bank Visa® Business Cash Card,,,Visa,0.0
490,1.5,1.5,1.5,1.5,1.5,1.5,True,False,NBT Bank Visa® Business Real Rewards Card,,,Visa,0.0
491,1.5,1.5,1.5,1.5,1.5,1.5,True,False,NBT Bank Visa® Business Rewards PLUS Card,,,Visa,0.0
492,0.0,0.0,0.0,0.0,0.0,0.0,False,False,NBT Bank Visa® Platinum Card,,,Visa,0.0
493,0.0,0.0,0.0,0.0,0.0,0.0,False,False,NBT Bank Visa® Secured Card,,,Visa,0.0
494,1.0,1.0,1.0,2.0,1.0,3.0,False,False,NDSU Visa® Rewards Credit Card,,,Visa,0.0
495,1.0,1.0,1.0,2.0,1.0,3.0,False,False,NWTF Rewards Visa® Credit Card,,,Visa,0.0
496,0.0,0.0,0.0,0.0,0.0,0.0,,False,Unknown,,,Unknown,0.0
497,0.0,0.0,0.0,0.0,0.0,0.0,False,False,NYCB Platinum Edition® Visa® Card,,,Visa,0.0
498,0.0,0.0,0.0,0.0,0.0,0.0,False,False,NYCB Secured Visa® Card,,,Visa,0.0
499,0.0,0.0,0.0,0.0,0.0,0.0,False,False,National Hot Rod Association Visa® Card,,,Visa,0.0
500,1.0,1.0,1.0,2.0,1.0,1.0,False,False,Navy FCU GO REWARDS® Credit Card,,,Unknown,0.0
501,1.0,1.0,3.0,3.0,1.0,1.0,False,False,Navy Federal More Rewards American Express Card,,,American Express,0.0
502,0.0,0.0,0.0,0.0,0.0,0.0,False,False,Navy Federal Platinum Credit Card,,,Unknown,0.0
503,1.0,1.0,2.0,2.0,1.0,2.0,False,False,Navy Federal Visa Signature® Flagship Rewards Credit Card,,,Visa,0.0
504,1.5,1.5,1.5,1.5,1.5,1.5,True,False,Navy Federal cashRewards® Credit Card,,,Unknown,0.0
505,1.0,1.0,1.0,1.0,1.0,1.0,False,False,Navy Federal nRewards® Secured Credit Card,,,Unknown,0.0
506,1.0,1.0,1.0,1.0,1.0,1.0,False,False,New England Patriots NFL Extra Points Visa Signature Card,,,Visa,0.0
507,1.0,1.0,1.0,1.0,1.0,1.0,False,False,New Orleans Saints NFL Extra Points Visa Signature Card,,,Visa,0.0
508,0.0,0.0,0.0,0.0,0.0,0.0,,False,New York & Company Credit Card,,,Unknown,0.0
509,1.0,1.0,1.0,1.0,1.0,1.0,False,False,New York Giants NFL Extra Points Visa Signature Card,,,Visa,0.0
510,1.0,1.0,1.0,1.0,1.0,1.0,False,False,New York Jets NFL Extra Points Visa Signature Card,,,Visa,0.0
511,0.0,0.0,0.0,0.0,0.0,0.0,,False,New York Mets® BankAmericard Cash Rewards MasterCard®,,,MasterCard,0.0
512,0.0,0.0,0.0,0.0,0.0,0.0,,False,New York Yankees® BankAmericard Cash Rewards MasterCard®,,,MasterCard,0.0
513,0.0,0.0,0.0,0.0,0.0,0.0,False,False,Norwegian Cruise Line® World MasterCard® Credit Card,,,MasterCard,0.0
514,0.0,0.0,0.0,0.0,0.0,0.0,,False,Oakland Athletics® BankAmericard Cash Rewards MasterCard®,,,MasterCard,0.0
515,0.0,0.0,0.0,0.0,0.0,0.0,,False,Unknown,,,Unknown,0.0
516,0.0,0.0,0.0,0.0,0.0,0.0,False,False,Ohio Savings Bank Platinum Edition® Visa® Card,,,Visa,0.0
517,0.0,0.0,0.0,0.0,0.0,0.0,False,False,Ohio Savings Bank Secured Visa® Card,,,Visa,0.0
518,1.0,1.0,2.0,3.0,1.0,1.0,False,False,Opus Bank Cash Rewards American Express® Card,,,American Express,0.0
519,1.0,1.0,1.0,2.0,1.0,1.0,False,False,Opus Bank Premier Rewards American Express® Card,,,American Express,0.0
520,0.0,0.0,0.0,0.0,0.0,0.0,False,False,Opus Bank Secured Visa® Card,,,Visa,0.0
521,1.5,1.5,1.5,1.5,1.5,1.5,True,False,Opus Bank Visa Signature® Real Rewards Card,,,Visa,0.0
522,0.0,0.0,0.0,0.0,0.0,0.0,False,False,Opus Bank Visa® Business Card,,,Visa,0.0
523,1.0,1.0,1.0,2.0,1.0,1.0,False,False,Opus Bank Visa® Business Cash Card,,,Visa,0.0
524,1.5,1.5,1.5,1.5,1.5,1.5,True,False,Opus Bank Visa® Business Real Rewards Card,,,Visa,0.0
525,1.5,1.5,1.5,1.5,1.5,1.5,True,False,Opus Bank Visa® Business Rewards PLUS Card,,,Visa,0.0
526,1.5,1.5,1.5,1.5,1.5,1.5,True,False,Opus Bank Visa® College Rewards Card,,,Visa,0.0
527,0.0,0.0,0.0,0.0,0.0,0.0,False,False,Opus Bank Visa® Platinum Card,,,Visa,0.0
528,0.0,0.0,0.0,0.0,0.0,0.0,,False,PenFed Gold Visa® Card,Excellent,https://clicks.surehits.com/ListingDisplay/Click/?I=NjIzMjQwZDctOWMyOS00MmM2LTg1NjctZDNhNWVjMmJiMjU0&U=aHR0cHM6Ly93d3cucGVuZmVkLm9yZy9jcmVkaXQtY2FyZHMvdmlzYS1nb2xkLWNhcmQ%2fc19jaWQ9NTAwMTYtXy1QRzQtXy1WU0ctXy1ydHRibC1fLXF1aS1fLXR4dC1fLUdUMi1fLTA0MzAyMDIwLV8tMTIzMTIwMjA%3d&SI=ZTQ5N2IxZTYtNDMzOS00MTU2LWE5NDAtNzU0NjViYTQ5Nzhj&SDT=NjM3MzA5NDM1NDIzMjk1ODcz&T=MQ%3d%3d&BM=MQ%3d%3d&ZZ=1595346742,Visa,0.0
529,1.0,1.0,3.0,5.0,1.0,1.0,False,False,PenFed Platinum Rewards Visa Signature® Card,Excellent,https://clicks.surehits.com/ListingDisplay/Click/?I=OTgyMTYyODctODQ0YS00ZWYzLTlhMmEtMzc3OTBhNDFmYWU1&U=aHR0cHM6Ly93d3cucGVuZmVkLm9yZy9jcmVkaXQtY2FyZHMvcGxhdGludW0tcmV3YXJkcy12aXNhLXNpZ25hdHVyZT9zX2NpZD01MDAxOC1fLVBHNC1fLVZQUy1fLXJ0dGJsLV8tcXVpLV8tdHh0LV8tR1QyLV8tMDQzMDIwMjAtXy0xMjMxMjAyMA%3d%3d&SI=NmNiZDdlNzItZjYwYi00NGUyLThlMDYtNGViYmM5OGNiZThj&SDT=NjM3MzA5NDM1NDI5MjQ0Mzky&T=MQ%3d%3d&BM=MQ%3d%3d&ZZ=1595346743,Visa,0.0
530,1.5,1.5,1.5,1.5,1.5,1.5,True,False,PenFed Power Cash Rewards Visa Signature® Card,Excellent,https://clicks.surehits.com/ListingDisplay/Click/?I=NDc2MTRlNzEtZmNhNC00YTEwLWJjYTgtODZhNzA1Y2FkNmY2&U=aHR0cHM6Ly93d3cucGVuZmVkLm9yZy9jcmVkaXQtY2FyZHMvcG93ZXItY2FzaC1yZXdhcmRzP3NfY2lkPTUwMDE1LV8tUEc0LV8tVkNSLV8tcnR0YmwtXy1xdWktXy10eHQtXy1HVDItXy0wNDMwMjAyMC1fLTEyMzEyMDIw&SI=OWM2MjQxZTQtZDdhMC00ZTU3LWI1ZDQtNjRjZGQyNTU3NzNm&SDT=NjM3MzA5NDM1NDM4MjE3MTU2&T=MQ%3d%3d&BM=MQ%3d%3d&ZZ=1595346744,Visa,0.0
531,0.0,0.0,0.0,0.0,0.0,0.0,False,False,P.C. Richard & Son Credit Card,,,Unknown,0.0
532,1.5,1.5,1.5,1.5,1.5,1.5,True,False,PNC Bank Cash Rewards® Visa Signature® Business Card,,,Visa,0.0
533,1.0,1.0,2.0,4.0,1.0,1.0,False,False,PNC Bank Cash Rewards® Visa® Credit Card,,,Visa,0.0
534,0.0,0.0,0.0,0.0,0.0,0.0,False,False,PNC Bank Core℠ Visa® Credit Card,,,Visa,0.0
535,0.0,0.0,0.0,0.0,0.0,0.0,False,False,PNC Bank Travel Rewards Visa® Business Credit Card,,,Visa,0.0
536,1.5,1.5,1.5,1.5,1.5,1.5,True,False,PNC Bank Visa Signature® BusinessOptions® Card,,,Visa,0.0
537,0.0,0.0,0.0,0.0,0.0,0.0,False,False,PNC Bank Visa® Business Credit Card,,,Visa,0.0
538,0.0,0.0,0.0,0.0,0.0,0.0,False,False,PNC Bank points Visa® Business Credit Card,,,Visa,0.0
539,0.0,0.0,0.0,0.0,0.0,0.0,,False,PNC Bank points® Visa® Credit Card,,,Visa,0.0
540,0.0,0.0,0.0,0.0,0.0,0.0,False,False,PNC Premier Traveler® Visa Signature® Credit Card,,,Visa,0.0
541,0.0,0.0,0.0,0.0,0.0,0.0,,False,Palais Royal Credit Card,,,Unknown,0.0
542,0.0,0.0,0.0,0.0,0.0,0.0,False,False,Pancreatic Cancer Action Network Visa® Card,,,Visa,0.0
543,0.0,0.0,0.0,0.0,0.0,0.0,False,False,Partners 1st FCU Visa Platinum Rewards,,,Visa,0.0
544,0.0,0.0,0.0,0.0,0.0,0.0,False,False,Partners 1st FCU Visa® Platinum,,,Visa,0.0
545,0.0,0.0,0.0,0.0,0.0,0.0,False,False,Pearle Vision Credit Card,,,Unknown,0.0
546,0.0,0.0,0.0,0.0,0.0,0.0,False,False,Peebles Credit Card,,,Unknown,0.0
547,1.5,1.5,1.5,1.5,1.5,1.5,True,False,People's United Bank MasterCard Real Rewards Card,,,MasterCard,0.0
548,0.0,0.0,0.0,0.0,0.0,0.0,False,False,People's United Bank MasterCard® Platinum Card,,,MasterCard,0.0
549,1.0,1.0,1.0,2.0,1.0,1.0,False,False,People's United Bank Premier Rewards American Express® Card,,,American Express,0.0
550,1.0,1.0,1.0,2.0,1.0,3.0,False,False,Phi Kappa Phi Rewards Visa® Credit Card,,,Visa,0.0
551,1.0,1.0,1.0,1.0,1.0,1.0,False,False,Philadelphia Eagles NFL Extra Points Visa Signature Card,,,Visa,0.0
552,0.0,0.0,0.0,0.0,0.0,0.0,,False,Philadelphia Phillies® BankAmericard Cash Rewards MasterCard®,,,MasterCard,0.0
553,0.0,0.0,0.0,0.0,0.0,0.0,,False,Pick ’n Save/Metro Market Rewards World Mastercard®,,,MasterCard,0.0
554,0.0,0.0,0.0,0.0,0.0,0.0,False,False,Pier 1 Imports Rewards Credit Card,,,Unknown,0.0
555,0.0,0.0,0.0,0.0,0.0,0.0,,False,Pittsburgh Pirates® BankAmericard Cash Rewards MasterCard®,,,MasterCard,0.0
556,1.0,1.0,1.0,1.0,1.0,1.0,False,False,Pittsburgh Steelers NFL Extra Points Visa Signature Card,,,Visa,0.0
557,0.0,0.0,0.0,0.0,0.0,0.0,False,False,Plains Commerce Bank MasterCard® Classic,,,MasterCard,0.0
558,0.0,0.0,0.0,0.0,0.0,0.0,False,False,Plains Commerce Bank Visa® Classic Card,,,Visa,0.0
559,0.0,0.0,0.0,0.0,0.0,0.0,False,False,Plains Commerce Bank Visa® Gold Card,,,Visa,0.0
560,0.0,0.0,0.0,0.0,0.0,0.0,False,False,Popular Bank Platinum MasterCard®,,,MasterCard,0.0
561,1.0,1.0,2.0,2.0,1.0,2.0,False,False,Popular Bank Preferred World MasterCard®,,,MasterCard,0.0
562,1.5,1.5,1.5,1.5,1.5,1.5,True,False,Popular Bank Rewards MasterCard®,,,MasterCard,0.0
563,0.0,0.0,0.0,0.0,0.0,0.0,False,False,Porsche Club of America Visa® Card,,,Visa,0.0
564,0.0,0.0,0.0,0.0,0.0,0.0,,False,Pottery Barn Credit Card,,,Unknown,0.0
565,1.0,1.0,1.0,2.0,1.0,3.0,False,False,Precious Moments Rewards Visa® Card,,,Visa,0.0
566,0.0,0.0,0.0,0.0,0.0,0.0,False,False,Priceline.com Rewards Visa® Signature Card,,,Visa,0.0
567,0.0,0.0,0.0,0.0,0.0,0.0,False,False,Princess Cruises Rewards Visa® Card,,,Visa,0.0
568,0.0,0.0,0.0,0.0,0.0,0.0,,False,QFC REWARDS® World Mastercard®,,,MasterCard,0.0
569,0.0,0.0,0.0,0.0,0.0,0.0,False,False,Reflex Mastercard® Credit Card,"Good Credit, Fair Credit, Poor Credit, Bad Credit",https://clicks.surehits.com/ListingDisplay/Click/?I=M2M1ZDljZTgtYjUzZi00YTc0LTg0ZDgtNmY4MmU5MjQxM2E1&U=aHR0cHM6Ly9jdC5idXlyaWdodC5jb20vcmQvci5waHA%2fc2lkPTE5NCZwdWI9NjUwMTYxJmMxPUNSJmMyPSRjbGlja2tleSQmYzM9&SI=MTQyMTRiNTctYTkxYi00M2E4LThiZWYtMjM5M2IyY2NkODdm&SDT=NjM3MzA5NDM1NjQ4ODU2MjQ1&T=MQ%3d%3d&BM=MQ%3d%3d&ZZ=1595346765,MasterCard,0.0
570,0.0,0.0,0.0,0.0,0.0,0.0,False,False,RBC Avion Visa Infinite‡,,,Visa,0.0
571,0.0,0.0,0.0,0.0,0.0,0.0,False,False,RBC Avion® Visa Infinite Privilege,,,Visa,0.0
572,0.0,0.0,0.0,0.0,0.0,0.0,False,False,RBC British Airways Visa‡ Infinite,,,Visa,0.0
573,0.0,0.0,0.0,0.0,0.0,0.0,False,False,RBC Cathay Pacific Visa‡ Platinum,,,Visa,0.0
574,0.0,0.0,0.0,0.0,0.0,0.0,False,False,RBC RateAdvantage® Visa‡,,,Visa,0.0
575,0.0,0.0,0.0,0.0,0.0,0.0,False,False,RBC Rewards+ Visa‡,,,Visa,0.0
576,0.0,0.0,0.0,0.0,0.0,0.0,False,False,RBC Rewards® Visa‡ Preferred,,,Visa,0.0
577,0.0,0.0,0.0,0.0,0.0,0.0,False,False,RBC U.S. Dollar Visa‡ Gold,,,Visa,0.0
578,0.0,0.0,0.0,0.0,0.0,0.0,False,False,RBC Visa‡ Platinum Card,,,Visa,0.0
579,1.0,1.0,1.0,1.0,1.0,1.0,False,False,RBC Visa‡ Signature Black Credit Card,,,Visa,0.0
580,1.0,1.0,1.2,1.2,1.0,1.2,False,False,RBC Visa‡ Signature Black Plus Credit Card,,,Visa,0.0
581,0.0,0.0,0.0,0.0,0.0,0.0,False,False,RBC® Aviion Visa Business Card,,,Visa,0.0
582,1.0,1.0,1.0,1.0,1.0,1.0,False,False,RBC® Business Cash Back MasterCard‡,,,MasterCard,0.0
583,1.0,1.0,2.0,1.0,1.0,1.0,False,False,RBC® Cash Back MasterCard‡,,,MasterCard,0.0
584,0.0,0.0,0.0,0.0,0.0,0.0,False,False,RBC® Visa Business Card,,,Visa,0.0
585,0.0,0.0,0.0,0.0,0.0,0.0,False,False,RBC® Visa‡ Platinum Avion®,,,Visa,0.0
586,1.0,1.0,1.0,1.0,1.0,1.0,False,False,RCI® Elite Rewards® MasterCard®,,,MasterCard,0.0
587,0.0,0.0,0.0,0.0,0.0,0.0,False,False,REI,,,Unknown,0.0
588,1.0,1.0,1.0,2.0,1.0,3.0,False,False,RMEF Rewards Visa® Card,,,Visa,0.0
589,0.0,0.0,0.0,0.0,0.0,0.0,False,False,Ralphs Rewards World Mastercard®,,,MasterCard,0.0
590,0.0,0.0,0.0,0.0,0.0,0.0,False,False,Regions Bank Explore Visa®,,,Visa,0.0
591,0.0,0.0,0.0,0.0,0.0,0.0,False,False,Regions Bank Life Visa®,,,Visa,0.0
592,1.5,1.5,1.5,1.5,1.5,1.5,True,False,Regions Bank Premium Visa® Signature,,,Visa,0.0
593,1.0,1.0,1.0,1.0,1.0,1.0,False,False,Regions Bank Prestige Visa® Signature,,,Visa,0.0
594,0.0,0.0,0.0,0.0,0.0,0.0,False,False,Regions Bank Visa® Business,,,Visa,0.0
595,1.0,1.0,1.0,1.0,1.0,1.0,False,False,Regions Bank Visa® Business Enhanced,,,Visa,0.0
596,0.0,0.0,0.0,0.0,0.0,0.0,False,False,Restoration Hardware Credit Card,,,Unknown,0.0
597,1.0,1.0,1.0,1.0,1.0,1.0,False,False,Riverview Community Bank Cash Rewards American Express® Card,,,American Express,0.0
598,1.5,1.5,1.5,1.5,1.5,1.5,True,False,Riverview Community Bank College Rewards Visa® Card,,,Visa,0.0
599,1.0,1.0,1.0,2.0,1.0,1.0,False,False,Riverview Community Bank Premier Rewards American Express® Card,,,American Express,0.0
600,0.0,0.0,0.0,0.0,0.0,0.0,False,False,Riverview Community Bank Visa® Business Card,,,Visa,0.0
601,1.0,1.0,1.0,2.0,1.0,1.0,False,False,Riverview Community Bank Visa® Business Cash Card,,,Visa,0.0
602,0.0,0.0,0.0,0.0,0.0,0.0,,False,Riverview Community Bank Visa® Business Real Rewards Card,,,Visa,0.0
603,1.5,1.5,1.5,1.5,1.5,1.5,True,False,Riverview Community Bank Visa® Business Rewards PLUS Card,,,Visa,0.0
604,0.0,0.0,0.0,0.0,0.0,0.0,False,False,Riverview Community Bank Visa® Platinum Card,,,Visa,0.0
605,0.0,0.0,0.0,0.0,0.0,0.0,False,False,Royal Caribbean® Visa Signature® Card,,,Visa,0.0
606,0.0,0.0,0.0,0.0,0.0,0.0,False,False,Simmons Rewards Visa Signature®,Excellent,https://clicks.surehits.com/ListingDisplay/Click/?I=MGJmMjk2MWYtZjY4Yi00Y2JiLTkxYWUtYmM0ZjcxZmYzNzE2&U=aHR0cHM6Ly9zaW1tb25zYmFuay5jb20vYmFuay9jcmVkaXQtY2FyZHMvc2ltbW9ucy1yZXdhcmRzLXZpc2Etc2lnbmF0dXJlP3Byb2R1Y3Q9MDE4NiZyZWZlcnJhbD0kY2xpY2trZXkk&SI=ZTAzYzNjY2EtY2E3Ny00ZDdjLTg2ZWYtZGNjMDk5MDVmZjNm&SDT=NjM3MzA5NDM1ODQ4Mzk3NTI4&T=MQ%3d%3d&BM=MQ%3d%3d&ZZ=1595346785,Visa,0.0
607,0.0,0.0,0.0,0.0,0.0,0.0,,False,Simmons Visa®,Excellent,https://clicks.surehits.com/ListingDisplay/Click/?I=ZGFhN2YzZjUtYjhhMC00ZTcyLWJiYTctZDUwN2VmOTYzZDlh&U=aHR0cHM6Ly9zaW1tb25zYmFuay5jb20vYmFuay9jcmVkaXQtY2FyZHMvc2ltbW9ucy12aXNhP3Byb2R1Y3Q9MDE4NSZyZWZlcnJhbD0kY2xpY2trZXkk&SI=ZjI3MjdkOWYtYjI1Mi00NDc4LWE4ZjQtMzcyZDUwOTE0MGY1&SDT=NjM3MzA5NDM1ODUzODg1MDQ1&T=MQ%3d%3d&BM=MQ%3d%3d&ZZ=1595346785,Visa,200.0
608,0.0,0.0,0.0,0.0,0.0,0.0,,False,Southwest Rapid Rewards® Plus Credit Card,"Excellent, Good",https://clicks.surehits.com/ListingDisplay/Click/?I=MzFmZmUyZDctODY5MC00ZWM4LTgzOWYtNTJkNjE2MDM0ZWFl&U=aHR0cHM6Ly9jbGljay5saW5rc3luZXJneS5jb20vbGluaz9pZD1LQjRxb1NUS2tDOCZvZmZlcmlkPTc1NzgxOC4zMTQ4OSZ0eXBlPTE1Jm11cmw9aHR0cHMlM2ElMmYlMmZjcmVkaXRjYXJkcy5jaGFzZS5jb20lMmZhMSUyZnNvdXRod2VzdCUyZk5BRVA0MGtQbHVzRjIwJTNmQ0VMTCUzZDZIOFgmdTE9JGNsaWNra2V5JA%3d%3d&SI=YzI0YzhmM2ItNjc1MC00NjVlLWJkNDgtMzQwYjFhZWRmN2Yy&SDT=NjM3MzA5NDM1ODU0ODUyMTU0&T=MQ%3d%3d&BM=MQ%3d%3d&ZZ=1595346785,Unknown,69.0
609,0.0,0.0,0.0,0.0,0.0,0.0,,False,Southwest Rapid Rewards® Priority Credit Card,"Excellent, Good",https://clicks.surehits.com/ListingDisplay/Click/?I=MGIyNjFjMmEtYWZmNi00YzFiLWJlMjYtN2FlZmViOTI2YmM3&U=aHR0cHM6Ly9jbGljay5saW5rc3luZXJneS5jb20vbGluaz9pZD1LQjRxb1NUS2tDOCZvZmZlcmlkPTc1NzgxOC4zMTQ5MSZ0eXBlPTE1Jm11cmw9aHR0cHMlM2ElMmYlMmZjcmVkaXRjYXJkcy5jaGFzZS5jb20lMmZhMSUyZnNvdXRod2VzdCUyZk5BRVA0MGtQcmlvcml0eUYyMCUzZkNFTEwlM2Q2SDhYJnUxPSRjbGlja2tleSQ%3d&SI=NGU4ZDEwYTctOTUzZS00NWNiLTlkZTMtYTc2MmNmZGUwMDQy&SDT=NjM3MzA5NDM1ODYzMjgxMDEz&T=MQ%3d%3d&BM=MQ%3d%3d&ZZ=1595346786,Unknown,149.0
610,0.0,0.0,0.0,0.0,0.0,0.0,,False,Southwest Rapid Rewards® Premier Credit Card,"Excellent, Good",https://clicks.surehits.com/ListingDisplay/Click/?I=NzZlZmQ0YjQtZDcyYi00NDBlLTgzNTktNzU2NGM5ODFiN2Rh&U=aHR0cHM6Ly9jbGljay5saW5rc3luZXJneS5jb20vbGluaz9pZD1LQjRxb1NUS2tDOCZvZmZlcmlkPTc1NzgxOC4zMTQ5MCZ0eXBlPTE1Jm11cmw9aHR0cHMlM2ElMmYlMmZjcmVkaXRjYXJkcy5jaGFzZS5jb20lMmZhMSUyZnNvdXRod2VzdCUyZk5BRVA0MGtQcmVtaWVyRjIwJTNmQ0VMTCUzZDZIOFgmdTE9JGNsaWNra2V5JA%3d%3d&SI=ZTEwZTgyMzUtZjQyYi00MDk3LTkwOWMtN2M1OTdkODQ4YzA3&SDT=NjM3MzA5NDM1ODczNzM5ODkx&T=MQ%3d%3d&BM=MQ%3d%3d&ZZ=1595346787,Unknown,99.0
611,0.0,0.0,0.0,0.0,0.0,0.0,,False,Surge Mastercard® Credit Card,"Good Credit, Fair Credit, Poor Credit, Bad Credit, Unsecured Credit",https://clicks.surehits.com/ListingDisplay/Click/?I=ZWMxMjI1YWMtNWE1YS00MDBhLWE2MGQtNWJkNGNlODNhNmEy&U=aHR0cHM6Ly9jdC5idXlyaWdodC5jb20vcmQvci5waHA%2fc2lkPTIxOCZwdWI9NjUwMTYxJmMxPUNSJmMyPSRjbGlja2tleSQmYzM9&SI=MjA5ZjBiZjItMTllYi00ZmMzLWE5ZGMtMDI1MzdiYjkxZDMz&SDT=NjM3MzA5NDM1ODc0OTQ5MDk0&T=MQ%3d%3d&BM=MQ%3d%3d&ZZ=1595346787,MasterCard,0.0
612,0.0,0.0,0.0,0.0,0.0,0.0,False,False,Synchrony Car Care™ credit card,Good/Excellent,https://clicks.surehits.com/ListingDisplay/Click/?I=ZmM0ODhmNzAtYzA1Ny00OGY2LWFkNmYtZDE4NGVjYjUwMmI5&U=aHR0cHM6Ly9jbGljay5saW5rc3luZXJneS5jb20vZnMtYmluL2NsaWNrP2lkPWVsQ3lhRFlLb3p3Jm9mZmVyaWQ9NzU2MzYwLjE4JnR5cGU9MyZzdWJpZD0wJnUxPSRjbGlja2tleSQ%3d&SI=YzMyMWU2NTYtNGQyMC00NjdlLThiNDQtNmJjMDhkZjE0YmEy&SDT=NjM3MzA5NDM1ODg1MTc0OTkw&T=MQ%3d%3d&BM=MQ%3d%3d&ZZ=1595346789,Unknown,0.0
613,1.0,1.0,2.0,3.0,1.0,1.0,False,False,SEFCU Lightning MasterCard,,,MasterCard,0.0
614,1.0,1.0,1.0,1.0,1.0,1.0,False,False,SEFCU MasterCard,,,MasterCard,0.0
615,1.0,1.0,1.0,1.0,1.0,1.0,False,False,SEFCU World MasterCard,,,MasterCard,0.0
616,1.0,1.0,1.0,2.0,1.0,1.0,False,False,SIU Southern Illinois University Rewards Visa® Credit Card,,,Visa,0.0
617,1.0,1.0,1.0,2.0,1.0,3.0,False,False,SMU Southern Methodist University Visa Signature® Rewards Credit Card,,,Visa,0.0
618,0.0,0.0,0.0,0.0,0.0,0.0,,False,San Diego Padres® BankAmericard Cash Rewards MasterCard®,,,MasterCard,0.0
619,1.0,1.0,1.0,1.0,1.0,1.0,False,False,San Francisco 49ers NFL Extra Points Visa Signature Card,,,Visa,0.0
620,0.0,0.0,0.0,0.0,0.0,0.0,,False,San Francisco Giants® BankAmericard Cash Rewards MasterCard®,,,MasterCard,0.0
621,1.0,1.0,1.0,2.0,1.0,3.0,False,False,Save the Children Visa Signature® Credit Card,,,Visa,0.0
622,0.0,0.0,0.0,0.0,0.0,0.0,,False,Seattle Mariners® BankAmericard Cash Rewards MasterCard®,,,MasterCard,0.0
623,1.0,1.0,1.0,1.0,1.0,1.0,False,False,Seattle Seahawks NFL Extra Points Visa Signature Card,,,Visa,0.0
624,1.0,1.0,1.0,2.0,1.0,3.0,False,False,Seattle U Visa® Rewards,,,Visa,0.0
625,0.0,0.0,0.0,0.0,0.0,0.0,,False,Signature® RBC® Rewards Visa,,,Visa,39.0
626,0.0,0.0,0.0,0.0,0.0,0.0,,False,Smith's REWARDS World Mastercard®,,,MasterCard,0.0
627,0.0,0.0,0.0,0.0,0.0,0.0,False,False,Solvay Bank Visa® Business Card,,,Visa,0.0
628,0.0,0.0,0.0,0.0,0.0,0.0,False,False,Solvay Bank Visa® Platinum Preferred Card,,,Visa,0.0
629,0.0,0.0,0.0,0.0,0.0,0.0,False,False,Solvay Bank Visa® Platinum Standard Card,,,Visa,0.0
630,1.0,1.0,1.0,2.0,1.0,3.0,False,False,Sons of Italy Visa® Rewards,,,Visa,0.0
631,1.0,1.0,1.0,2.0,1.0,1.0,False,False,South Alabama Jaguars Visa® Rewards Card,,,Visa,0.0
632,1.0,1.0,1.0,2.0,1.0,1.0,False,False,Southwestern Oklahoma State University Alumni Rewards Visa® Card,,,Visa,0.0
633,0.0,0.0,0.0,0.0,0.0,0.0,False,False,Spirit Airlines World MasterCard® Credit Card,,,MasterCard,0.0
634,0.0,0.0,0.0,0.0,0.0,0.0,,False,St Louis Cardinals® BankAmericard Cash Rewards MasterCard®,,,MasterCard,0.0
635,0.0,0.0,0.0,0.0,0.0,0.0,False,False,Stage Credit Card,,,Unknown,0.0
636,1.0,1.0,1.0,1.0,1.0,1.0,False,False,Stand Up To Cancer® Credit Card,,,Unknown,0.0
637,0.0,0.0,0.0,0.0,0.0,0.0,False,False,Staples® Business More Account,,,Unknown,0.0
638,0.0,0.0,0.0,0.0,0.0,0.0,,False,Starbucks Rewards™ Visa® Card,,,Visa,0.0
639,0.0,0.0,0.0,0.0,0.0,0.0,,False,State Farm Bank® Business Visa® Card,,,Visa,0.0
640,0.0,0.0,0.0,0.0,0.0,0.0,False,False,State Farm® Good Neighbor Visa® Credit Card,,,Visa,0.0
641,0.0,0.0,0.0,0.0,0.0,0.0,False,False,State Farm® Rewards Visa® Credit Card,,,Visa,0.0
642,0.0,0.0,0.0,0.0,0.0,0.0,,False,State Farm® Student Visa® Credit Card,,,Visa,0.0
643,0.0,0.0,0.0,0.0,0.0,0.0,False,False,Stein Mart® Style Credit Card,,,Unknown,0.0
644,0.0,0.0,0.0,0.0,0.0,0.0,False,False,Stein Mart® Style Platinum MasterCard®,,,MasterCard,0.0
645,1.0,1.0,1.0,2.0,1.0,1.0,False,False,Stephen F. Austin Alumni MasterCard® Rewards Card,,,MasterCard,0.0
646,1.0,1.0,1.0,1.0,1.0,1.0,False,False,Steuben Trust Cash Rewards American Express® Card,,,American Express,0.0
647,0.0,0.0,0.0,0.0,0.0,0.0,,False,Steuben Trust College Real Rewards Visa® Card,,,Visa,0.0
648,1.0,1.0,1.0,2.0,1.0,1.0,False,False,Steuben Trust Premier Rewards American Express® Card,,,American Express,0.0
649,0.0,0.0,0.0,0.0,0.0,0.0,False,False,Steuben Trust Visa® Business Card,,,Visa,0.0
650,1.0,1.0,1.0,2.0,1.0,1.0,False,False,Steuben Trust Visa® Business Cash Card,,,Visa,0.0
651,1.5,1.5,1.5,1.5,1.5,1.5,True,False,Steuben Trust Visa® Business Real Rewards Card,,,Visa,0.0
652,1.5,1.5,1.5,1.5,1.5,1.5,True,False,Steuben Trust Visa® Business Rewards PLUS Card,,,Visa,0.0
653,0.0,0.0,0.0,0.0,0.0,0.0,False,False,Steuben Trust Visa® Platinum Card,,,Visa,0.0
654,1.0,1.0,1.0,3.0,1.0,1.0,False,False,SunTrust Business Rewards Credit Card,,,Unknown,0.0
655,1.0,1.0,5.0,5.0,1.0,1.0,False,False,SunTrust Cash Rewards Card,,,Unknown,0.0
656,1.0,1.0,1.0,1.0,1.0,1.0,False,False,SunTrust Secured Credit Card with Cash Rewards,,,Unknown,0.0
657,1.0,1.0,1.0,1.0,1.0,1.0,False,False,Synovus Business Travel Rewards Visa® Credit Card,,,Visa,0.0
658,0.0,0.0,0.0,0.0,0.0,0.0,False,False,Synovus Business Visa® Credit Card,,,Visa,0.0
659,1.0,1.0,1.0,1.0,1.0,1.0,False,False,Synovus Cash Rewards Visa® Credit Card,,,Visa,0.0
660,0.0,0.0,0.0,0.0,0.0,0.0,False,False,Synovus Classic Visa® Credit Card,,,Visa,0.0
661,1.0,1.0,1.0,1.0,1.0,1.0,False,False,Synovus Rewards Business Visa® Credit Card,,,Visa,0.0
662,1.0,1.0,1.0,1.0,1.0,1.0,False,False,Synovus Rewards Visa® Credit Card,,,Visa,0.0
663,1.0,1.0,1.0,1.0,1.0,1.0,False,False,Synovus Travel Rewards Visa® Credit Card,,,Visa,0.0
664,1.0,1.0,2.0,1.0,1.0,1.0,False,False,TD Cash Visa® Credit Card,"Excellent, Good",https://clicks.surehits.com/ListingDisplay/Click/?I=YmJjZTgxOWYtODQ3YS00NTcwLThiZjktYzg1OWQ1M2U4MDQz&U=aHR0cHM6Ly9jbGljay5saW5rc3luZXJneS5jb20vZnMtYmluL2NsaWNrP2lkPWVsQ3lhRFlLb3p3Jm9mZmVyaWQ9NjkxNzYwLjcmdHlwZT0zJnN1YmlkPTAmdTE9JGNsaWNra2V5JA%3d%3d&SI=YzJmYTJlMTYtZTUzMi00YjcxLTkwNDktYzU0NTkyYjhmNmYw&SDT=NjM3MzA5NDM2MTY3ODg3NzMy&T=MQ%3d%3d&BM=MQ%3d%3d&ZZ=1595346817,Visa,0.0
665,12.0,12.0,1.0,1.0,1.0,12.0,False,False,The Hilton Honors American Express Business Card,"Good, Excellent",https://clicks.surehits.com/ListingDisplay/Click/?I=YmY1MGZmNWQtOTAxNi00YWJkLWJiNGQtYzRlMTYxZmU2ZjUz&U=aHR0cHM6Ly9nb3RvLmFtZXJpY2FuZXhwcmVzcy5jb206NDQzL2MvMTE5NTQxMi80MjA4OTgvNzQxMT9wcm9kc2t1PTExMzEmdT1odHRwcyUzYSUyZiUyZnd3dy5hbWVyaWNhbmV4cHJlc3MuY29tJTJmdXMlMmZjcmVkaXQtY2FyZHMlMmZidXNpbmVzcyUyZmJ1c2luZXNzLWNyZWRpdC1jYXJkcyUyZmhpbHRvbi1ob25vcnMtYW1lcmljYW4tZXhwcmVzcy1idXNpbmVzcy1jcmVkaXQtY2FyZC1hbWV4JTJmNDI3MzIlM2ZlZXAlM2Q0MjczMiZzaGFyZWRpZD1TQlMyMDAxMSZTdWJJRDE9JGNsaWNra2V5JCZTdWJJRDI9c2l0ZXM%3d&SI=NTk5ZDk0YzMtYzliZC00NjdmLThjNGMtYzc1YjRiMTg2OGJl&SDT=NjM3MzA5NDM2MTcyNDI1MTk1&T=MQ%3d%3d&BM=MQ%3d%3d&ZZ=1595346817,American Express,95.0
666,1.0,1.0,1.0,1.0,1.0,2.0,False,False,The World Of Hyatt Credit Card,"Excellent, Good",https://clicks.surehits.com/ListingDisplay/Click/?I=ODk3OWI1OTEtYTJlNS00YzdiLWJhMWYtNjk3ODM4OTg2NmY4&U=aHR0cHM6Ly9jbGljay5saW5rc3luZXJneS5jb20vbGluaz9pZD1LQjRxb1NUS2tDOCZvZmZlcmlkPTc1NzgxOC4zMTQzNSZ0eXBlPTE1Jm11cmw9aHR0cHMlM2ElMmYlMmZjcmVkaXRjYXJkcy5jaGFzZS5jb20lMmZ3b3JsZG9maHlhdHQlMmZuYWVwJTNmQ0VMTCUzZDZIOFgmdTE9JGNsaWNra2V5JA%3d%3d&SI=MmY0YjljMDItMTFjOC00ZGExLWIyMDgtYWEwYWNlNjlhZWE4&SDT=NjM3MzA5NDM2MTc3MTY1MDk4&T=MQ%3d%3d&BM=MQ%3d%3d&ZZ=1595346818,Unknown,0.0
667,0.0,0.0,0.0,0.0,0.0,0.0,,False,Total VISA® Unsecured Credit Card,"Fair Credit, Poor Credit, Bad Credit, Unsecured Credit",https://clicks.surehits.com/ListingDisplay/Click/?I=YWYxOGE3MTMtNmVkMy00MDc3LWE2MGItZjMyNDgzY2Y3NGM0&U=aHR0cHM6Ly9jdC5idXlyaWdodC5jb20vcmQvci5waHA%2fc2lkPTEzJnB1Yj02NTAxNjEmYzE9Q1ImYzI9JGNsaWNra2V5JCZjMz0%3d&SI=OWJmYmY4NGUtZTk2OC00MDU5LThjZmUtNGRhY2M3NWZiNTA1&SDT=NjM3MzA5NDM2MTg0NDg2OTA2&T=MQ%3d%3d&BM=MQ%3d%3d&ZZ=1595346818,Visa,0.0
668,0.0,0.0,0.0,0.0,0.0,0.0,False,False,TCF Bank Business Edition® Secured Visa® Card,,,Visa,0.0
669,0.0,0.0,0.0,0.0,0.0,0.0,False,False,TCF Bank Business Edition® Visa® Card,,,Visa,0.0
670,1.5,1.5,1.5,1.5,1.5,1.5,True,False,TCF Bank Business Edition® Visa® Card with Reward Simplicity,,,Visa,0.0
671,1.5,1.5,1.5,1.5,1.5,1.5,True,False,TCF Bank Maximum Rewards® Visa® Card,,,Visa,0.0
672,0.0,0.0,0.0,0.0,0.0,0.0,False,False,TCF Bank Platinum Edition® Visa® Card,,,Visa,0.0
673,0.0,0.0,0.0,0.0,0.0,0.0,False,False,TCF Bank Secured Visa® Card,,,Visa,0.0
674,1.5,1.5,1.5,1.5,1.5,1.5,True,False,TD Ameritrade® Client Rewards Credit Card,,,Unknown,0.0
675,1.0,1.0,1.0,2.0,1.0,3.0,False,False,TD Business Solutions Visa® Credit Card,,,Visa,0.0
676,0.0,0.0,0.0,0.0,0.0,0.0,False,False,TD First Class℠ Visa Signature® Credit Card,,,Visa,0.0
677,0.0,0.0,0.0,0.0,0.0,0.0,False,False,TJ Maxx® TJX Rewards® Credit Card,,,Unknown,0.0
678,0.0,0.0,0.0,0.0,0.0,0.0,False,False,TJX Rewards® Credit Card,,,Unknown,0.0
679,0.0,0.0,0.0,0.0,0.0,0.0,False,False,TJX Rewards® Platinum MasterCard®,,,MasterCard,0.0
680,1.0,1.0,1.0,2.0,1.0,1.0,False,False,TNA Tennessee Nurses Association Visa® Rewards,,,Visa,0.0
681,1.0,1.0,2.0,2.0,1.0,1.0,False,False,TRIO® Preferred Credit Card,,,Unknown,0.0
682,0.0,0.0,0.0,0.0,0.0,0.0,False,False,Talbots Classic Awards Credit Card,,,Unknown,0.0
683,1.0,1.0,1.0,1.0,1.0,1.0,False,False,Tampa Bay Buccaneers NFL Extra Points Visa Signature Card,,,Visa,0.0
684,0.0,0.0,0.0,0.0,0.0,0.0,,False,Tampa Bay Rays® BankAmericard Cash Rewards MasterCard®,,,MasterCard,0.0
685,1.0,1.0,1.0,2.0,1.0,1.0,False,False,Taste of Home MasterCard® with Rewards,,,MasterCard,0.0
686,0.0,0.0,0.0,0.0,0.0,0.0,False,False,Teachers FCU Business Credit Card,,,Unknown,0.0
687,1.0,1.0,1.0,1.0,1.0,1.0,False,False,Tennessee Titans NFL Extra Points Visa Signature Card,,,Visa,0.0
688,1.0,1.0,1.0,2.0,1.0,1.0,False,False,Tennis Express Rewards Visa® Credit Card,,,Visa,0.0
689,1.0,1.0,2.0,3.0,1.0,1.0,False,False,Texas Capital Bank Cash Rewards American Express® Card,,,American Express,0.0
690,1.0,1.0,1.0,2.0,1.0,1.0,False,False,Texas Capital Bank Premier Rewards American Express® Card,,,American Express,0.0
691,0.0,0.0,0.0,0.0,0.0,0.0,False,False,Texas Capital Bank Secured Visa® Card,,,Visa,0.0
692,1.5,1.5,1.5,1.5,1.5,1.5,True,False,Texas Capital Bank Visa Signature® College Real Rewards Card,,,Visa,0.0
693,1.5,1.5,1.5,1.5,1.5,1.5,True,False,Texas Capital Bank Visa Signature® Real Rewards Card,,,Visa,0.0
694,0.0,0.0,0.0,0.0,0.0,0.0,False,False,Texas Capital Bank Visa® Business Card,,,Visa,0.0
695,1.0,1.0,1.0,2.0,1.0,1.0,False,False,Texas Capital Bank Visa® Business Cash Card,,,Visa,0.0
696,1.5,1.5,1.5,1.5,1.5,1.5,True,False,Texas Capital Bank Visa® Business Real Rewards Card,,,Visa,0.0
697,1.5,1.5,1.5,1.5,1.5,1.5,True,False,Texas Capital Bank Visa® Business Rewards PLUS Card,,,Visa,0.0
698,0.0,0.0,0.0,0.0,0.0,0.0,False,False,Texas Capital Bank Visa® Platinum Card,,,Visa,0.0
699,1.0,1.0,1.0,1.0,1.0,1.0,False,False,Texas Rangers® BankAmericard Cash Rewards™ MasterCard®,,,MasterCard,0.0
700,1.0,1.0,1.0,2.0,1.0,1.0,False,False,Texas Tech MasterCard® with Rewards,,,MasterCard,0.0
701,0.0,0.0,0.0,0.0,0.0,0.0,,False,The Brooks Brothers Card,,,Unknown,0.0
702,0.0,0.0,0.0,0.0,0.0,0.0,False,False,The Brooks Brothers Platinum MasterCard®,,,MasterCard,0.0
703,0.0,0.0,0.0,0.0,0.0,0.0,False,False,The Container Store® Credit Card,,,Unknown,0.0
704,0.0,0.0,0.0,0.0,0.0,0.0,,False,The Linux Foundation Visa® Card,,,Visa,0.0
705,1.0,1.0,2.0,1.0,1.0,1.0,False,False,Tioga State Bank Cash Rewards American Express® Card,,,American Express,0.0
706,0.0,0.0,0.0,0.0,0.0,0.0,,False,Tioga State Bank College Real Rewards Visa® Card,,,Visa,0.0
707,1.0,1.0,1.0,2.0,1.0,1.0,False,False,Tioga State Bank Premier Rewards American Express® Card,,,American Express,0.0
708,0.0,0.0,0.0,0.0,0.0,0.0,False,False,Tioga State Bank Secured Visa® Card,,,Visa,0.0
709,0.0,0.0,0.0,0.0,0.0,0.0,,False,Tioga State Bank Visa Signature® Real Rewards Card,,,Visa,0.0
710,0.0,0.0,0.0,0.0,0.0,0.0,False,False,Tioga State Bank Visa® Business Card,,,Visa,0.0
711,1.0,1.0,1.0,2.0,1.0,1.0,False,False,Tioga State Bank Visa® Business Cash Card,,,Visa,0.0
712,0.0,0.0,0.0,0.0,0.0,0.0,,False,Tioga State Bank Visa® Business Real Rewards Card,,,Visa,0.0
713,1.5,1.5,1.5,1.5,1.5,1.5,True,False,Tioga State Bank Visa® Business Rewards PLUS Card,,,Visa,0.0
714,0.0,0.0,0.0,0.0,0.0,0.0,False,False,Tioga State Bank Visa® Platinum Card,,,Visa,0.0
715,1.0,1.0,2.0,1.0,1.0,1.0,False,False,Tompkins Trust Cash Rewards American Express® Card,,,American Express,0.0
716,0.0,0.0,0.0,0.0,0.0,0.0,,False,Unknown,,,Unknown,0.0
717,1.0,1.0,1.0,2.0,1.0,1.0,False,False,Tompkins Trust Premier Rewards American Express® Card,,,American Express,0.0
718,0.0,0.0,0.0,0.0,0.0,0.0,False,False,Tompkins Trust Secured Visa® Card,,,Visa,0.0
719,0.0,0.0,0.0,0.0,0.0,0.0,,False,Tompkins Trust Visa Signature® Real Rewards Card,,,Visa,0.0
720,0.0,0.0,0.0,0.0,0.0,0.0,False,False,Tompkins Trust Visa® Business Card,,,Visa,0.0
721,1.0,1.0,1.0,2.0,1.0,1.0,False,False,Tompkins Trust Visa® Business Cash Card,,,Visa,0.0
722,0.0,0.0,0.0,0.0,0.0,0.0,,False,Tompkins Trust Visa® Business Real Rewards Card,,,Visa,0.0
723,0.0,0.0,0.0,0.0,0.0,0.0,,False,Tompkins Trust Visa® Business Rewards PLUS Card,,,Visa,0.0
724,0.0,0.0,0.0,0.0,0.0,0.0,False,False,Tompkins Trust Visa® Platinum Card,,,Visa,0.0
725,0.0,0.0,0.0,0.0,0.0,0.0,,False,Toronto Blue Jays® BankAmericard Cash Rewards MasterCard®,,,MasterCard,0.0
726,0.0,0.0,0.0,0.0,0.0,0.0,,False,Torrid Insider Credit Card,,,Unknown,0.0
727,0.0,0.0,0.0,0.0,0.0,0.0,False,False,Toyota Rewards Visa Signature® Card,,,Visa,0.0
728,0.0,0.0,0.0,0.0,0.0,0.0,False,False,Trek Credit Card,,,Unknown,0.0
729,1.0,1.0,1.0,2.0,1.0,1.0,False,False,Tulsa Alumni Rewards Visa® Card,,,Visa,0.0
730,0.0,0.0,0.0,0.0,0.0,0.0,,False,United Club℠ Infinite Card,"Good, Excellent",https://clicks.surehits.com/ListingDisplay/Click/?I=YzBjNTE1NjAtMmNiYi00M2E0LWJmNmYtNGQzNGQxMWIxNDlj&U=aHR0cHM6Ly9jbGljay5saW5rc3luZXJneS5jb20vbGluaz9pZD1LQjRxb1NUS2tDOCZvZmZlcmlkPTc1NzgxOC4zMTQ5OSZ0eXBlPTE1Jm11cmw9aHR0cHMlM2ElMmYlMmZ3d3cudGhlZXhwbG9yZXJjYXJkLmNvbSUyZmNvbnN1bWVyLWNhcmRzJTJmY2x1YiUzZkNFTEwlM2RIOFgmdTE9JGNsaWNra2V5JA%3d%3d&SI=ZWJlY2I2NjAtMjIxYS00ODVhLWFkYWUtYWU5MjhiZDhhYTMx&SDT=NjM3MzA5NDM2NTE5NjQyOTIz&T=MQ%3d%3d&BM=MQ%3d%3d&ZZ=1595346852,Unknown,0.0
731,0.0,0.0,0.0,0.0,0.0,0.0,,False,United℠ Explorer Card,"Excellent, Good",https://clicks.surehits.com/ListingDisplay/Click/?I=ZjZmYmExZWMtMDA0ZS00MDhmLTg4ODktZmIwMTYzMjZiMjYz&U=aHR0cHM6Ly9jbGljay5saW5rc3luZXJneS5jb20vbGluaz9pZD1LQjRxb1NUS2tDOCZvZmZlcmlkPTc1NzgxOC4zMTQ5OCZ0eXBlPTE1Jm11cmw9aHR0cHMlM2ElMmYlMmZ3d3cudGhlZXhwbG9yZXJjYXJkLmNvbSUyZmNvbnN1bWVyLWNhcmRzJTJmZXhwbG9yZXIlM2ZjZWxsJTNkaDh4JnUxPSRjbGlja2tleSQ%3d&SI=ZDNlZDY3NGQtOTM4Ny00MTkwLTk4NGMtNjMwYjBiYjljMWIy&SDT=NjM3MzA5NDM2NTI0Nzc3NTE3&T=MQ%3d%3d&BM=MQ%3d%3d&ZZ=1595346852,Unknown,0.0
732,1.0,1.0,1.0,1.0,1.0,1.0,False,False,U.S. Pride® BankAmericard Cash Rewards™ Visa® Card,,,Visa,0.0
733,0.0,0.0,0.0,0.0,0.0,0.0,False,False,UBS Visa Infinite Credit Card,,,Visa,0.0
734,0.0,0.0,0.0,0.0,0.0,0.0,False,False,UBS Visa Signature® Credit Card,,,Visa,0.0
735,1.0,1.0,1.2,1.2,1.0,1.2,False,False,UMB Direct Cash® Visa® Signature Credit Card,,,Visa,0.0
736,1.0,1.0,3.0,3.0,1.0,1.0,False,False,UMB Simply Rewards Visa® Platinum Card,,,Visa,0.0
737,1.0,1.0,1.0,2.0,1.0,1.0,False,False,UMSL Alumni Rewards Visa® Card,,,Visa,0.0
738,1.0,1.0,1.0,2.0,1.0,1.0,False,False,UNT North Texas Alumni Credit Card with Rewards,,,Unknown,0.0
739,0.0,0.0,0.0,0.0,0.0,0.0,False,False,US Appliance Credit Card,,,Unknown,0.0
740,1.0,1.0,1.0,2.0,1.0,1.0,False,False,USA Volleyball Visa Signature® Credit Card,,,Visa,0.0
741,1.0,1.0,1.0,2.0,1.0,1.0,False,False,USAA Rewards™ Visa Signature® Card,,,Visa,0.0
742,1.0,1.0,1.0,1.0,1.0,5.0,False,False,Uber Visa Card,,,Visa,0.0
743,1.0,1.0,1.0,2.0,1.0,5.0,False,False,Union Bank Business Rewards Visa® Credit Card,,,Visa,0.0
744,0.0,0.0,0.0,0.0,0.0,0.0,False,False,Union Bank Business Secured Visa® Credit Card,,,Visa,0.0
745,0.0,0.0,0.0,0.0,0.0,0.0,False,False,Union Bank Business Visa® Credit Card,,,Visa,0.0
746,1.5,1.5,1.5,1.5,1.5,1.5,True,False,Union Bank Cashback Rewards Visa® Card,,,Visa,0.0
747,1.0,1.0,5.0,5.0,1.0,5.0,False,False,Union Bank Rewards Visa® Card,,,Visa,0.0
748,0.0,0.0,0.0,0.0,0.0,0.0,False,False,Union Bank Secured Visa® Credit Card,,,Visa,0.0
749,0.0,0.0,0.0,0.0,0.0,0.0,False,False,Union Bank Travel Rewards Visa® Card,,,Visa,0.0
750,0.0,0.0,0.0,0.0,0.0,0.0,False,False,Union Bank Visa® Credit Card,,,Visa,0.0
751,1.0,1.0,1.0,1.0,1.0,1.0,False,False,United Nations Federal Credit Union Azure Credit Card,,,Unknown,0.0
752,1.0,1.0,2.0,1.0,1.0,1.0,False,False,United Nations Federal Credit Union Elite Credit Card,,,Unknown,0.0
753,1.0,1.0,1.0,2.0,1.0,1.0,False,False,University of Montana Visa® Rewards Credit Card,,,Visa,0.0
754,1.0,1.0,1.2,1.2,1.0,1.2,False,False,Upromise MasterCard®,,,MasterCard,0.0
755,1.0,1.0,1.0,1.0,1.0,1.0,False,False,Valparaiso Alumni Visa® Rewards Card,,,Visa,0.0
756,0.0,0.0,0.0,0.0,0.0,0.0,False,False,Value City Furniture® Credit Card,,,Unknown,0.0
757,0.0,0.0,0.0,0.0,0.0,0.0,,False,Victoria's Secret Angel Credit Card,,,Unknown,0.0
758,0.0,0.0,0.0,0.0,0.0,0.0,False,False,Virgin Atlantic World Elite MasterCard®,,,MasterCard,0.0
759,0.0,0.0,0.0,0.0,0.0,0.0,,False,Washington Nationals® BankAmericard Cash Rewards MasterCard®,,,MasterCard,0.0
760,1.0,1.0,1.0,1.0,1.0,1.0,False,False,Washington Redskins NFL Extra Points Visa Signature Card,,,Visa,0.0
761,1.0,1.0,2.0,3.0,1.0,1.0,False,False,Webster Bank Cash Rewards American Express® Card,,,American Express,0.0
762,1.0,1.0,1.0,2.0,1.0,1.0,False,False,Webster Bank Premier Rewards American Express® Card,,,American Express,0.0
763,0.0,0.0,0.0,0.0,0.0,0.0,False,False,Webster Bank Secured Visa® Card,,,Visa,0.0
764,1.5,1.5,1.5,1.5,1.5,1.5,True,False,Webster Bank Visa Signature® College Real Rewards Card,,,Visa,0.0
765,1.5,1.5,1.5,1.5,1.5,1.5,True,False,Webster Bank Visa Signature® Real Rewards Card,,,Visa,0.0
766,1.0,1.0,1.0,2.0,1.0,1.0,False,False,Webster Bank Visa® Business Cash Card,,,Visa,0.0
767,0.0,0.0,0.0,0.0,0.0,0.0,False,False,Webster Bank Visa® Business Platinum Card,,,Visa,0.0
768,1.5,1.5,1.5,1.5,1.5,1.5,True,False,Webster Bank Visa® Business Real Rewards Card,,,Visa,0.0
769,1.5,1.5,1.5,1.5,1.5,1.5,True,False,Webster Bank Visa® Business Rewards PLUS Card,,,Visa,0.0
770,0.0,0.0,0.0,0.0,0.0,0.0,False,False,Webster Bank Visa® Platinum Card,,,Visa,0.0
771,1.0,1.0,1.0,1.0,1.0,1.0,False,False,Wells Fargo Advisors By Invitation® Visa Signature ® Card,,,Visa,0.0
772,1.5,1.5,1.5,1.5,1.5,1.5,True,False,Wells Fargo Business Elite Card,,,Unknown,0.0
773,1.5,1.5,1.5,1.5,1.5,1.5,True,False,Wells Fargo Business Platinum Credit Card,,,Unknown,0.0
774,1.5,1.5,1.5,1.5,1.5,1.5,True,False,Wells Fargo Business Secured Credit Card,,,Unknown,0.0
775,1.0,1.0,1.0,1.0,1.0,1.0,False,False,Wells Fargo Cash Back College Visa® Card,,,Visa,0.0
776,1.0,1.0,1.0,1.0,1.0,1.0,False,False,Wells Fargo Visa Signature® Card,,,Visa,0.0
777,0.0,0.0,0.0,0.0,0.0,0.0,False,False,WestJet RBC MasterCard,,,MasterCard,0.0
778,0.0,0.0,0.0,0.0,0.0,0.0,False,False,WestJet RBC® World Elite MasterCard‡,,,MasterCard,0.0
779,1.0,1.0,1.0,2.0,1.0,1.0,False,False,Whitetails Unlimited Visa® Rewards Card,,,Visa,0.0
780,1.0,1.0,1.0,1.0,1.0,1.0,False,False,World Wildlife Fund Visa Card,,,Visa,0.0
781,0.0,0.0,0.0,0.0,0.0,0.0,False,False,Wyndham Rewards® Visa Signature® Card (Annual Fee),,,Visa,0.0
782,0.0,0.0,0.0,0.0,0.0,0.0,False,False,Wyndham Rewards® Visa Signature® Card (No Annual Fee),,,Visa,0.0
783,1.0,1.0,1.0,1.0,1.0,1.0,False,False,Zions Bank AmaZing Cash® Credit Card,,,Unknown,0.0
784,1.0,1.0,1.0,1.0,1.0,1.0,False,False,Zions Bank AmaZing Cash™ for Business Credit Card,,,Unknown,0.0
785,0.0,0.0,0.0,0.0,0.0,0.0,False,False,Zions Bank AmaZing Rate® for Business,,,Unknown,0.0
786,0.0,0.0,0.0,0.0,0.0,0.0,False,False,Zions Bank AmaZing Rate™ Low Rate Credit Card,,,Unknown,0.0
787,0.0,0.0,0.0,0.0,0.0,0.0,False,False,Zions Bank AmaZing Rewards® Credit Card,,,Unknown,0.0
788,0.0,0.0,0.0,0.0,0.0,0.0,False,False,Zions Bank AmaZing Rewards® for Business,,,Unknown,0.0
